,title,difficulty,level
0,Evans,bsc,6
1,Evans,adv,8
2,Evans,ext,10.6
3,天国と地獄,bsc,3
4,天国と地獄,adv,8
5,天国と地獄,ext,9.4
6,凛として咲く花の如く,bsc,4
7,凛として咲く花の如く,adv,6
8,凛として咲く花の如く,ext,9.1
9,ウィリアム・テル序曲,bsc,3
10,ウィリアム・テル序曲,adv,7
11,ウィリアム・テル序曲,ext,8
12,情熱大陸,bsc,2
13,情熱大陸,adv,7
14,情熱大陸,ext,9.4
15,空色デイズ,bsc,3
16,空色デイズ,adv,6
17,空色デイズ,ext,8
18,星に願いを,bsc,2
19,星に願いを,adv,4
20,星に願いを,ext,7
21,HOT LIMIT,bsc,5
22,HOT LIMIT,adv,6
23,HOT LIMIT,ext,8
24,R.P.G.～Rockin' Playing Game,bsc,4
25,R.P.G.～Rockin' Playing Game,adv,7
26,R.P.G.～Rockin' Playing Game,ext,9.5
27,I'm so Happy,bsc,4
28,I'm so Happy,adv,8
29,I'm so Happy,ext,10.2
30,only my railgun,bsc,3
31,only my railgun,adv,6
32,only my railgun,ext,8
33,元気でやってるのかい?,bsc,3
34,元気でやってるのかい?,adv,8
35,元気でやってるのかい?,ext,9.8
36,じょいふる,bsc,1
37,じょいふる,adv,6
38,じょいふる,ext,8
39,白鳥の湖,bsc,4
40,白鳥の湖,adv,7
41,白鳥の湖,ext,9.7
42,FLOWER,bsc,6
43,FLOWER,adv,9.7
44,FLOWER,ext,10.5
45,LISTEN TO THE STEREO!!,bsc,3
46,LISTEN TO THE STEREO!!,adv,6
47,LISTEN TO THE STEREO!!,ext,8
48,アルストロメリア,bsc,5
49,アルストロメリア,adv,6
50,アルストロメリア,ext,9.5
51,オムライス,bsc,2
52,オムライス,adv,6
53,オムライス,ext,8
54,SWEET CUBE,bsc,2
55,SWEET CUBE,adv,5
56,SWEET CUBE,ext,9.8
57,トルコ行進曲,bsc,4
58,トルコ行進曲,adv,7
59,トルコ行進曲,ext,10.2
60,僕らの永遠～何度生まれ変わっても、 手を繋ぎたいだけの愛だから～,bsc,2
61,僕らの永遠～何度生まれ変わっても、 手を繋ぎたいだけの愛だから～,adv,5
62,僕らの永遠～何度生まれ変わっても、 手を繋ぎたいだけの愛だから～,ext,7
63,Love at First Sight,bsc,3
64,Love at First Sight,adv,7
65,Love at First Sight,ext,9.7
66,天ノ弱,bsc,3
67,天ノ弱,adv,5
68,天ノ弱,ext,8
69,いーあるふぁんくらぶ,bsc,2
70,いーあるふぁんくらぶ,adv,5
71,いーあるふぁんくらぶ,ext,8
72,イブの時代っ！,bsc,4
73,イブの時代っ！,adv,6
74,イブの時代っ！,ext,8
75,ETERNAL BLAZE,bsc,1
76,ETERNAL BLAZE,adv,6
77,ETERNAL BLAZE,ext,8
78,Elemental Creation,bsc,5
79,Elemental Creation,adv,8
80,Elemental Creation,ext,10.6
81,カタルシスの月,bsc,4
82,カタルシスの月,adv,6
83,カタルシスの月,ext,9.2
84,恋とキングコング,bsc,4
85,恋とキングコング,adv,7
86,恋とキングコング,ext,8
87,虚空と光明のディスクール,bsc,3
88,虚空と光明のディスクール,adv,6
89,虚空と光明のディスクール,ext,7
90,最終回STORY,bsc,3
91,最終回STORY,adv,5
92,最終回STORY,ext,8
93,灼熱の翼,bsc,3
94,灼熱の翼,adv,6
95,灼熱の翼,ext,7
96,Show up ! - short ver -,bsc,2
97,Show up ! - short ver -,adv,5
98,Show up ! - short ver -,ext,7
99,セツナトリップ,bsc,3
100,セツナトリップ,adv,7
101,セツナトリップ,ext,9.3
102,CHEAT DANCER - short ver -,bsc,2
103,CHEAT DANCER - short ver -,adv,5
104,CHEAT DANCER - short ver -,ext,8
105,ちくわパフェだよ☆CKP,bsc,4
106,ちくわパフェだよ☆CKP,adv,7
107,ちくわパフェだよ☆CKP,ext,9.3
108,とってもとっても、ありがとう。,bsc,1
109,とってもとっても、ありがとう。,adv,5
110,とってもとっても、ありがとう。,ext,6
111,Find your way,bsc,2
112,Find your way,adv,5
113,Find your way,ext,8
114,ホーンテッド★メイドランチ,bsc,3
115,ホーンテッド★メイドランチ,adv,6
116,ホーンテッド★メイドランチ,ext,9.4
117,回レ！雪月花,bsc,4
118,回レ！雪月花,adv,7
119,回レ！雪月花,ext,9.1
120,めうめうぺったんたん！！,bsc,4
121,めうめうぺったんたん！！,adv,7
122,めうめうぺったんたん！！,ext,9.1
123,Lifetime Journey,bsc,2
124,Lifetime Journey,adv,5
125,Lifetime Journey,ext,7
126,LANA - Answer Ⅱ -,bsc,2
127,LANA - Answer Ⅱ -,adv,5
128,LANA - Answer Ⅱ -,ext,8
129,LANA - Answer I -,bsc,2
130,LANA - Answer I -,adv,6
131,LANA - Answer I -,ext,7
132,LANA - キロクノカケラ -,bsc,3
133,LANA - キロクノカケラ -,adv,6
134,LANA - キロクノカケラ -,ext,7
135,LANA - キロクノカケラ (sasakure.UK Framework Remix) -,bsc,3
136,LANA - キロクノカケラ (sasakure.UK Framework Remix) -,adv,6
137,LANA - キロクノカケラ (sasakure.UK Framework Remix) -,ext,8
138,LANA - ココロノキオク -,bsc,1
139,LANA - ココロノキオク -,adv,4
140,LANA - ココロノキオク -,ext,5
141,LANA - セカイノハズレ -,bsc,3
142,LANA - セカイノハズレ -,adv,5
143,LANA - セカイノハズレ -,ext,7
144,LANA - ヒトリノウタ -,bsc,2
145,LANA - ヒトリノウタ -,adv,5
146,LANA - ヒトリノウタ -,ext,8
147,凛として咲く花の如く ～ひなビタ♪ edition～,bsc,5
148,凛として咲く花の如く ～ひなビタ♪ edition～,adv,6
149,凛として咲く花の如く ～ひなビタ♪ edition～,ext,9.2
150,ロストワンの号哭,bsc,4
151,ロストワンの号哭,adv,7
152,ロストワンの号哭,ext,9.1
153,Ignis Danse,bsc,5
154,Ignis Danse,adv,9.5
155,Ignis Danse,ext,10.3
156,Idola,bsc,4
157,Idola,adv,8
158,Idola,ext,10.1
159,VERTeX,bsc,5
160,VERTeX,adv,8
161,VERTeX,ext,10.2
162,EXORCISM,bsc,4
163,EXORCISM,adv,6
164,EXORCISM,ext,8
165,乙女繚乱 舞い咲き誇れ,bsc,4
166,乙女繚乱 舞い咲き誇れ,adv,7
167,乙女繚乱 舞い咲き誇れ,ext,9.1
168,温故知新でいこっ！,bsc,3
169,温故知新でいこっ！,adv,6
170,温故知新でいこっ！,ext,8
171,Garakuta Doll Play,bsc,5
172,Garakuta Doll Play,adv,9.5
173,Garakuta Doll Play,ext,10.5
174,きたさいたま2000,bsc,5
175,きたさいたま2000,adv,9.6
176,きたさいたま2000,ext,10.6
177,きょうもハレバレ,bsc,3
178,きょうもハレバレ,adv,6
179,きょうもハレバレ,ext,8
180,ケッペキショウ,bsc,5
181,ケッペキショウ,adv,8
182,ケッペキショウ,ext,10.0
183,幻想系世界修復少女,bsc,5
184,幻想系世界修復少女,adv,7
185,幻想系世界修復少女,ext,8
186,Got more raves？,bsc,5
187,Got more raves？,adv,7
188,Got more raves？,ext,10.6
189,Thank You Merry Christmas,bsc,3
190,Thank You Merry Christmas,adv,5
191,Thank You Merry Christmas,ext,9.5
192,十面相,bsc,4
193,十面相,adv,8
194,十面相,ext,9.2
195,Scars of FAUNA,bsc,4
196,Scars of FAUNA,adv,7
197,Scars of FAUNA,ext,9.2
198,都会征服Girls☆,bsc,2
199,都会征服Girls☆,adv,5
200,都会征服Girls☆,ext,8
201,走れメロンパン,bsc,3
202,走れメロンパン,adv,5
203,走れメロンパン,ext,8
204,ハンガリー舞曲 第5番 (jubeat version),bsc,3
205,ハンガリー舞曲 第5番 (jubeat version),adv,6
206,ハンガリー舞曲 第5番 (jubeat version),ext,9.7
207,バンブーソード・ガール,bsc,5
208,バンブーソード・ガール,adv,9.1
209,バンブーソード・ガール,ext,10.2
210,非公開日誌,bsc,4
211,非公開日誌,adv,5
212,非公開日誌,ext,8
213,FUJIN Rumble,bsc,4
214,FUJIN Rumble,adv,8
215,FUJIN Rumble,ext,10.6
216,滅びに至るエランプシス,bsc,3
217,滅びに至るエランプシス,adv,6
218,滅びに至るエランプシス,ext,8
219,MITOれて！いばらきっしゅだ～りん,bsc,2
220,MITOれて！いばらきっしゅだ～りん,adv,7
221,MITOれて！いばらきっしゅだ～りん,ext,8
222,滅亡天使 † にこきゅっぴん,bsc,2
223,滅亡天使 † にこきゅっぴん,adv,5
224,滅亡天使 † にこきゅっぴん,ext,9.0}
225,ラクガキスト,bsc,4
226,ラクガキスト,adv,7
227,ラクガキスト,ext,10.4
228,LoveLove DokiDoki,bsc,3
229,LoveLove DokiDoki,adv,6
230,LoveLove DokiDoki,ext,8
231,ルービックキューブ,bsc,4
232,ルービックキューブ,adv,6
233,ルービックキューブ,ext,8
234,朝色の紙飛行機,bsc,4
235,朝色の紙飛行機,adv,7
236,朝色の紙飛行機,ext,9.7
237,女言葉の消失,bsc,4
238,女言葉の消失,adv,7
239,女言葉の消失,ext,9.5
240,かくしん的☆めたまるふぉ～ぜっ！,bsc,3
241,かくしん的☆めたまるふぉ～ぜっ！,adv,6
242,かくしん的☆めたまるふぉ～ぜっ！,ext,8
243,過食性:アイドル症候群,bsc,5
244,過食性:アイドル症候群,adv,8
245,過食性:アイドル症候群,ext,10.0
246,キモチコネクト,bsc,2
247,キモチコネクト,adv,6
248,キモチコネクト,ext,9.3
249,激アツ☆マジヤバ☆チアガール,bsc,3
250,激アツ☆マジヤバ☆チアガール,adv,6
251,激アツ☆マジヤバ☆チアガール,ext,8
252,恋をしたい、もう一度,bsc,2
253,恋をしたい、もう一度,adv,5
254,恋をしたい、もう一度,ext,9.3
255,最終鬼畜妹フランドール・S,bsc,4
256,最終鬼畜妹フランドール・S,adv,7
257,最終鬼畜妹フランドール・S,ext,9.1
258,漆黒のスペシャルプリンセスサンデー,bsc,3
259,漆黒のスペシャルプリンセスサンデー,adv,7
260,漆黒のスペシャルプリンセスサンデー,ext,9.0
261,シュガーソングとビターステップ,bsc,3
262,シュガーソングとビターステップ,adv,6
263,シュガーソングとビターステップ,ext,9.1
264,白い雪のプリンセスは,bsc,4
265,白い雪のプリンセスは,adv,6
266,白い雪のプリンセスは,ext,9.1
267,水月鏡花のコノテーション,bsc,3
268,水月鏡花のコノテーション,adv,6
269,水月鏡花のコノテーション,ext,9.3
270,Scarlet Moon,bsc,3
271,Scarlet Moon,adv,7
272,Scarlet Moon,ext,8
273,STATIC,bsc,3
274,STATIC,adv,8
275,STATIC,ext,9.7
276,Struggle,bsc,5
277,Struggle,adv,7
278,Struggle,ext,9.4
279,地方創生☆チクワクティクス,bsc,3
280,地方創生☆チクワクティクス,adv,5
281,地方創生☆チクワクティクス,ext,9.5
282,チョコレートスマイル,bsc,5
283,チョコレートスマイル,adv,8
284,チョコレートスマイル,ext,9.3
285,チルノのパーフェクトさんすう教室,bsc,3
286,チルノのパーフェクトさんすう教室,adv,6
287,チルノのパーフェクトさんすう教室,ext,9.4
288,ツーマンライブ,bsc,3
289,ツーマンライブ,adv,6
290,ツーマンライブ,ext,8
291,取り残された美術(Arranged:HiZuMi),bsc,3
292,取り残された美術(Arranged:HiZuMi),adv,6
293,取り残された美術(Arranged:HiZuMi),ext,9.1
294,ナイト・オブ・ナイツ,bsc,4
295,ナイト・オブ・ナイツ,adv,7
296,ナイト・オブ・ナイツ,ext,10.2
297,NEON WORLD,bsc,4
298,NEON WORLD,adv,7
299,NEON WORLD,ext,9.7
300,neko*neko,bsc,3
301,neko*neko,adv,6
302,neko*neko,ext,7
303,Bad Apple!! feat. nomico,bsc,2
304,Bad Apple!! feat. nomico,adv,4
305,Bad Apple!! feat. nomico,ext,8
306,はなまるぴっぴはよいこだけ,bsc,3
307,はなまるぴっぴはよいこだけ,adv,6
308,はなまるぴっぴはよいこだけ,ext,9.0
309,BEAT-NEW-WORLD,bsc,5
310,BEAT-NEW-WORLD,adv,8
311,BEAT-NEW-WORLD,ext,10.5
312,フラッター現象の顛末と単一指向性の感情論,bsc,4
313,フラッター現象の顛末と単一指向性の感情論,adv,6
314,フラッター現象の顛末と単一指向性の感情論,ext,9.5
315,MAGICAL SUMMER SMILE,bsc,2
316,MAGICAL SUMMER SMILE,adv,7
317,MAGICAL SUMMER SMILE,ext,8
318,M.A.Y.U.,bsc,3
319,M.A.Y.U.,adv,5
320,M.A.Y.U.,ext,8
321,魔理沙は大変なものを盗んでいきました,bsc,3
322,魔理沙は大変なものを盗んでいきました,adv,6
323,魔理沙は大変なものを盗んでいきました,ext,9.5
324,ミライプリズム(collaboration ver.),bsc,5
325,ミライプリズム(collaboration ver.),adv,7
326,ミライプリズム(collaboration ver.),ext,8
327,エイリアンエイリアン,bsc,3
328,エイリアンエイリアン,adv,6
329,エイリアンエイリアン,ext,9.0
330,Angelic Jelly,bsc,4
331,Angelic Jelly,adv,9.2
332,Angelic Jelly,ext,10.2
333,"Endless, Sleepless Night",bsc,3
334,"Endless, Sleepless Night",adv,6
335,"Endless, Sleepless Night",ext,9.3
336,お嫁にしなさいっ！,bsc,3
337,お嫁にしなさいっ！,adv,7
338,お嫁にしなさいっ！,ext,9.0
339,眼光,bsc,3
340,眼光,adv,6
341,眼光,ext,7
342,キミヱゴサーチ,bsc,2
343,キミヱゴサーチ,adv,6
344,キミヱゴサーチ,ext,8
345,きゅん×きゅんばっきゅん☆LOVE,bsc,3
346,きゅん×きゅんばっきゅん☆LOVE,adv,6
347,きゅん×きゅんばっきゅん☆LOVE,ext,8
348,響縁,bsc,2
349,響縁,adv,7
350,響縁,ext,9.3
351,"Good bye, Summer～さよならは言わない～",bsc,3
352,"Good bye, Summer～さよならは言わない～",adv,7
353,"Good bye, Summer～さよならは言わない～",ext,8
354,倉野川音頭,bsc,1
355,倉野川音頭,adv,4
356,倉野川音頭,ext,7
357,黒髪乱れし修羅となりて～凛edition～,bsc,2
358,黒髪乱れし修羅となりて～凛edition～,adv,6
359,黒髪乱れし修羅となりて～凛edition～,ext,9.5
360,厳冬記,bsc,4
361,厳冬記,adv,8
362,厳冬記,ext,10.4
363,琥珀のくちづけ,bsc,1
364,琥珀のくちづけ,adv,5
365,琥珀のくちづけ,ext,8
366,今夜はパジャマパーティ,bsc,3
367,今夜はパジャマパーティ,adv,6
368,今夜はパジャマパーティ,ext,8
369,Silent Story,bsc,2
370,Silent Story,adv,6
371,Silent Story,ext,7
372,じもとっこスイーツ♪,bsc,2
373,じもとっこスイーツ♪,adv,6
374,じもとっこスイーツ♪,ext,8
375,JACK THE RIPPER feat. Iceon,bsc,2
376,JACK THE RIPPER feat. Iceon,adv,6
377,JACK THE RIPPER feat. Iceon,ext,10.3
378,Scream out!,bsc,2
379,Scream out!,adv,6
380,Scream out!,ext,9.5
381,Struggle[2],bsc,2
382,Struggle[2],adv,6
383,Struggle[2],ext,8
384,そこはかとなくロマンセ,bsc,2
385,そこはかとなくロマンセ,adv,6
386,そこはかとなくロマンセ,ext,8
387,蒼空に舞え、墨染の桜,bsc,3
388,蒼空に舞え、墨染の桜,adv,6
389,蒼空に舞え、墨染の桜,ext,9.0
390,月に叢雲華に風,bsc,3
391,月に叢雲華に風,adv,7
392,月に叢雲華に風,ext,9.0
393,Ding Dong Bell,bsc,3
394,Ding Dong Bell,adv,6
395,Ding Dong Bell,ext,7
396,DesireDrive,bsc,4
397,DesireDrive,adv,6
398,DesireDrive,ext,8
399,ドーナツホール,bsc,4
400,ドーナツホール,adv,5
401,ドーナツホール,ext,8
402,nostos,bsc,4
403,nostos,adv,6
404,nostos,ext,9.6
405,ハッピーシンセサイザ,bsc,4
406,ハッピーシンセサイザ,adv,7
407,ハッピーシンセサイザ,ext,9.2
408,paranoia,bsc,3
409,paranoia,adv,6
410,paranoia,ext,8
411,反撃,bsc,3
412,反撃,adv,5
413,反撃,ext,9.0
414,パンダヒーロー,bsc,4
415,パンダヒーロー,adv,6
416,パンダヒーロー,ext,9.0
417,放課後ストライド,bsc,2
418,放課後ストライド,adv,5
419,放課後ストライド,ext,9.0
420,僕は空気が嫁ない,bsc,4
421,僕は空気が嫁ない,adv,8
422,僕は空気が嫁ない,ext,9.4
423,ポメグラネイト,bsc,3
424,ポメグラネイト,adv,6
425,ポメグラネイト,ext,8
426,"Bonjour, The World!!",bsc,3
427,"Bonjour, The World!!",adv,7
428,"Bonjour, The World!!",ext,9.0
429,マトリョシカ,bsc,3
430,マトリョシカ,adv,5
431,マトリョシカ,ext,9.0
432,ミライプリズム,bsc,2
433,ミライプリズム,adv,5
434,ミライプリズム,ext,8
435,Runway Drive,bsc,3
436,Runway Drive,adv,6
437,Runway Drive,ext,8
438,炉心融解,bsc,2
439,炉心融解,adv,5
440,炉心融解,ext,8
441,ロンロンへ　ライライライ！,bsc,3
442,ロンロンへ　ライライライ！,adv,6
443,ロンロンへ　ライライライ！,ext,9.0
444,Initial song,bsc,1
445,Initial song,adv,3
446,Initial song,ext,6
447,快晴,bsc,3
448,快晴,adv,6
449,快晴,ext,9.2
450,Claidheamh Soluis-光の剣- feat.はるの,bsc,3
451,Claidheamh Soluis-光の剣- feat.はるの,adv,6
452,Claidheamh Soluis-光の剣- feat.はるの,ext,9.1
453,君氏危うくも近うよれ,bsc,3
454,君氏危うくも近うよれ,adv,6
455,君氏危うくも近うよれ,ext,8
456,現世の彼方,bsc,3
457,現世の彼方,adv,5
458,現世の彼方,ext,10.4
459,恋時雨,bsc,3
460,恋時雨,adv,6
461,恋時雨,ext,9.3
462,恋のパズルマジック,bsc,2
463,恋のパズルマジック,adv,5
464,恋のパズルマジック,ext,8
465,しゃかりきリレーション,bsc,3
466,しゃかりきリレーション,adv,5
467,しゃかりきリレーション,ext,7
468,シャルル,bsc,2
469,シャルル,adv,5
470,シャルル,ext,8
471,Strawberry Chu♡Chu♡,bsc,4
472,Strawberry Chu♡Chu♡,adv,6
473,Strawberry Chu♡Chu♡,ext,8
474,Spring Rouge,bsc,2
475,Spring Rouge,adv,6
476,Spring Rouge,ext,8
477,闘え! ダダンダーン V,bsc,2
478,闘え! ダダンダーン V,adv,6
479,闘え! ダダンダーン V,ext,8
480,脱法ロック,bsc,3
481,脱法ロック,adv,6
482,脱法ロック,ext,8
483,超人ひじりのエアマッソー,bsc,4
484,超人ひじりのエアマッソー,adv,7
485,超人ひじりのエアマッソー,ext,9.3
486,DREAMING-ING!!,bsc,3
487,DREAMING-ING!!,adv,5
488,DREAMING-ING!!,ext,8
489,Don't Break Me Down,bsc,3
490,Don't Break Me Down,adv,7
491,Don't Break Me Down,ext,9.0
492,花のやくそく,bsc,2
493,花のやくそく,adv,5
494,花のやくそく,ext,7
495,Paranoia,bsc,4
496,Paranoia,adv,8
497,Paranoia,ext,9.0
498,ハルイチバン,bsc,3
499,ハルイチバン,adv,6
500,ハルイチバン,ext,9.0
501,向日葵サンセット,bsc,3
502,向日葵サンセット,adv,6
503,向日葵サンセット,ext,9.1
504,フィクサー,bsc,3
505,フィクサー,adv,7
506,フィクサー,ext,9.6
507,From⑨Girl,bsc,2
508,From⑨Girl,adv,5
509,From⑨Girl,ext,8
510,星を飛び越えて,bsc,2
511,星を飛び越えて,adv,6
512,星を飛び越えて,ext,8
513,リバースユニバース,bsc,3
514,リバースユニバース,adv,7
515,リバースユニバース,ext,9.1
516,ルミナスデイズ,bsc,2
517,ルミナスデイズ,adv,4
518,ルミナスデイズ,ext,7
519,ロールプレイングゲーム,bsc,3
520,ロールプレイングゲーム,adv,6
521,ロールプレイングゲーム,ext,9.4
522,炉心融解[2],bsc,2
523,炉心融解[2],adv,6
524,炉心融解[2],ext,8
525,アカリがやってきたぞっ,bsc,3
526,アカリがやってきたぞっ,adv,7
527,アカリがやってきたぞっ,ext,9.4
528,[A]ddiction,bsc,4
529,[A]ddiction,adv,6
530,[A]ddiction,ext,9.2
531,Afterimage d'automne,bsc,4
532,Afterimage d'automne,adv,6
533,Afterimage d'automne,ext,9.6
534,Aftermath,bsc,4
535,Aftermath,adv,8
536,Aftermath,ext,10.2
537,アンビバレント,bsc,2
538,アンビバレント,adv,6
539,アンビバレント,ext,8
540,↑↑↓↓←→←→BA,bsc,3
541,↑↑↓↓←→←→BA,adv,7
542,↑↑↓↓←→←→BA,ext,9.0
543,泡沫、哀のまほろば,bsc,2
544,泡沫、哀のまほろば,adv,5
545,泡沫、哀のまほろば,ext,9.3
546,X-ray binary,bsc,3
547,X-ray binary,adv,9.5
548,X-ray binary,ext,10.4
549,おーまい！らぶりー！すうぃーてぃ！だーりん！,bsc,4
550,おーまい！らぶりー！すうぃーてぃ！だーりん！,adv,7
551,おーまい！らぶりー！すうぃーてぃ！だーりん！,ext,9.6
552,ケムマキunderground,bsc,3
553,ケムマキunderground,adv,8
554,ケムマキunderground,ext,9.5
555,ゴーストルール,bsc,2
556,ゴーストルール,adv,7
557,ゴーストルール,ext,9.2
558,ここからよろしく大作戦143,bsc,4
559,ここからよろしく大作戦143,adv,7
560,ここからよろしく大作戦143,ext,9.3
561,最凶アンビバレント,bsc,3
562,最凶アンビバレント,adv,6
563,最凶アンビバレント,ext,9.6
564,最小三倍完全数,bsc,5
565,最小三倍完全数,adv,7
566,最小三倍完全数,ext,10.3
567,39,bsc,3
568,39,adv,6
569,39,ext,8
570,思想犯,bsc,2
571,思想犯,adv,8
572,思想犯,ext,9.1
573,Six String Proof,bsc,4
574,Six String Proof,adv,6
575,Six String Proof,ext,9.5
576,シル・ヴ・プレジデント,bsc,3
577,シル・ヴ・プレジデント,adv,7
578,シル・ヴ・プレジデント,ext,9.3
579,「Sweet Love」,bsc,2
580,「Sweet Love」,adv,5
581,「Sweet Love」,ext,7
582,すきなことだけでいいです,bsc,4
583,すきなことだけでいいです,adv,8
584,すきなことだけでいいです,ext,9.5
585,全力ハッピーライフ,bsc,3
586,全力ハッピーライフ,adv,7
587,全力ハッピーライフ,ext,9.3
588,turn into white,bsc,3
589,turn into white,adv,7
590,turn into white,ext,9.0
591,高嶺の花子さん,bsc,2
592,高嶺の花子さん,adv,5
593,高嶺の花子さん,ext,8
594,ただ君に晴れ,bsc,1
595,ただ君に晴れ,adv,6
596,ただ君に晴れ,ext,8
597,DEATH WORMHOLE,bsc,4
598,DEATH WORMHOLE,adv,7
599,DEATH WORMHOLE,ext,9.2
600,デンノウス・キルズ,bsc,3
601,デンノウス・キルズ,adv,7
602,デンノウス・キルズ,ext,9.1
603,toy boxer,bsc,8
604,toy boxer,adv,9.5
605,toy boxer,ext,10.5
606,Triple Cross,bsc,4
607,Triple Cross,adv,8
608,Triple Cross,ext,10.3
609,Trill auf G,bsc,4
610,Trill auf G,adv,7
611,Trill auf G,ext,10.5
612,50th Memorial Songs -Beginning Story-,bsc,5
613,50th Memorial Songs -Beginning Story-,adv,7
614,50th Memorial Songs -Beginning Story-,ext,8
615,BLACK JACKAL,bsc,4
616,BLACK JACKAL,adv,6
617,BLACK JACKAL,ext,9.6
618,ボッカデラベリタ,bsc,2
619,ボッカデラベリタ,adv,7
620,ボッカデラベリタ,ext,9.0
621,POP TEAM EPIC,bsc,2
622,POP TEAM EPIC,adv,6
623,POP TEAM EPIC,ext,10.0
624,voltississimo,bsc,4
625,voltississimo,adv,7
626,voltississimo,ext,10.3
627,マツヨイナイトバグ,bsc,5
628,マツヨイナイトバグ,adv,9.1
629,マツヨイナイトバグ,ext,10.4
630,みくみくにしてあげる♪【してやんよ】,bsc,1
631,みくみくにしてあげる♪【してやんよ】,adv,5
632,みくみくにしてあげる♪【してやんよ】,ext,9.2
633,ミッドナイト☆WAR,bsc,4
634,ミッドナイト☆WAR,adv,7
635,ミッドナイト☆WAR,ext,10.0
636,メランコリック,bsc,3
637,メランコリック,adv,6
638,メランコリック,ext,8
639,妄想感傷代償連盟,bsc,3
640,妄想感傷代償連盟,adv,7
641,妄想感傷代償連盟,ext,9.3
642,YONA YONA DANCE,bsc,4
643,YONA YONA DANCE,adv,8
644,YONA YONA DANCE,ext,9.5
645,ルナティックモンスター,bsc,3
646,ルナティックモンスター,adv,7
647,ルナティックモンスター,ext,9.3
648,WARNING×WARNING×WARNING,bsc,4
649,WARNING×WARNING×WARNING,adv,6
650,WARNING×WARNING×WARNING,ext,8
651,ワールズエンド・ダンスホール,bsc,3
652,ワールズエンド・ダンスホール,adv,7
653,ワールズエンド・ダンスホール,ext,10.2
654,Awakening Wings,bsc,4
655,Awakening Wings,adv,6
656,Awakening Wings,ext,8
657,AMBERGRIS,bsc,4
658,AMBERGRIS,adv,7
659,AMBERGRIS,ext,9.7
660,一途(映画『劇場版 呪術廻戦 0』主題歌),bsc,3
661,一途(映画『劇場版 呪術廻戦 0』主題歌),adv,7
662,一途(映画『劇場版 呪術廻戦 0』主題歌),ext,9.0
663,エジソン,bsc,1
664,エジソン,adv,5
665,エジソン,ext,9.0
666,エンヴィーベイビー,bsc,3
667,エンヴィーベイビー,adv,6
668,エンヴィーベイビー,ext,8
669,神っぽいな,bsc,3
670,神っぽいな,adv,6
671,神っぽいな,ext,8
672,銀の旋律-Silver melodia-,bsc,3
673,銀の旋律-Silver melodia-,adv,6
674,銀の旋律-Silver melodia-,ext,9.5
675,Gray Heaven,bsc,5
676,Gray Heaven,adv,9.4
677,Gray Heaven,ext,10.5
678,テレキャスタービーボーイ,bsc,2
679,テレキャスタービーボーイ,adv,5
680,テレキャスタービーボーイ,ext,9.1
681,DENPA NEVER DIE,bsc,3
682,DENPA NEVER DIE,adv,6
683,DENPA NEVER DIE,ext,9.8
684,東京テディベア,bsc,2
685,東京テディベア,adv,6
686,東京テディベア,ext,8
687,Drenched in Air,bsc,1
688,Drenched in Air,adv,6
689,Drenched in Air,ext,10.3
690,New World,bsc,3
691,New World,adv,6
692,New World,ext,8
693,ネトゲ廃人シュプレヒコール,bsc,2
694,ネトゲ廃人シュプレヒコール,adv,6
695,ネトゲ廃人シュプレヒコール,ext,8
696,灰の羽搏,bsc,7
697,灰の羽搏,adv,9.5
698,灰の羽搏,ext,10.7
699,ハウリング,bsc,3
700,ハウリング,adv,6
701,ハウリング,ext,8
702,ヒトガタ,bsc,3
703,ヒトガタ,adv,7
704,ヒトガタ,ext,9.2
705,Pure Rude,bsc,3
706,Pure Rude,adv,7
707,Pure Rude,ext,9.4
708,ミックスナッツ(TVアニメ『SPY×FAMILY』オープニング主題歌),bsc,1
709,ミックスナッツ(TVアニメ『SPY×FAMILY』オープニング主題歌),adv,4
710,ミックスナッツ(TVアニメ『SPY×FAMILY』オープニング主題歌),ext,9.0
711,ラグトレイン,bsc,3
712,ラグトレイン,adv,5
713,ラグトレイン,ext,8
714,千本桜,bsc,3
715,千本桜,adv,7
716,千本桜,ext,9.0
717,おにけもだんす,bsc,3
718,おにけもだんす,adv,5
719,おにけもだんす,ext,8
720,KINGWORLD,bsc,6
721,KINGWORLD,adv,8
722,KINGWORLD,ext,9.8
723,進め↑BAKATARATION,bsc,2
724,進め↑BAKATARATION,adv,4
725,進め↑BAKATARATION,ext,8
726,Say!ファンファーレ!,bsc,2
727,Say!ファンファーレ!,adv,5
728,Say!ファンファーレ!,ext,9.3
729,Happiness World,bsc,3
730,Happiness World,adv,5
731,Happiness World,ext,7
732,凛として咲く花の如く,bsc,3
733,凛として咲く花の如く,adv,6
734,凛として咲く花の如く,ext,9.2
735,わくわくエブリデイ,bsc,2
736,わくわくエブリデイ,adv,4
737,わくわくエブリデイ,ext,6
738,Icicles,bsc,4
739,Icicles,adv,6
740,Icicles,ext,8
741,IN THE NAME OF LOVE,bsc,5
742,IN THE NAME OF LOVE,adv,6
743,IN THE NAME OF LOVE,ext,8
744,SigSig,bsc,5
745,SigSig,adv,7
746,SigSig,ext,9.1
747,Snow Goose,bsc,5
748,Snow Goose,adv,7
749,Snow Goose,ext,8
750,Special One,bsc,4
751,Special One,adv,5
752,Special One,ext,6
753,TRUE♥LOVE,bsc,3
754,TRUE♥LOVE,adv,7
755,TRUE♥LOVE,ext,9.7
756,bass 2 bass,bsc,5
757,bass 2 bass,adv,6
758,bass 2 bass,ext,8
759,Polaris,bsc,2
760,Polaris,adv,5
761,Polaris,ext,8
762,ALBIDA,bsc,5
763,ALBIDA,adv,7
764,ALBIDA,ext,10.1
765,AIR RAID FROM THA UNDAGROUND,bsc,5
766,AIR RAID FROM THA UNDAGROUND,adv,9.7
767,AIR RAID FROM THA UNDAGROUND,ext,10.7
768,AREA 51,bsc,6
769,AREA 51,adv,7
770,AREA 51,ext,9.5
771,coming true,bsc,5
772,coming true,adv,7
773,coming true,ext,9.7
774,Good-bye Chalon,bsc,4
775,Good-bye Chalon,adv,7
776,Good-bye Chalon,ext,8
777,恋のメリーゴーランド,bsc,5
778,恋のメリーゴーランド,adv,6
779,恋のメリーゴーランド,ext,7
780,Shining Star,bsc,4
781,Shining Star,adv,6
782,Shining Star,ext,7
783,少年リップルズ,bsc,4
784,少年リップルズ,adv,7
785,少年リップルズ,ext,9.5
786,スペースカーニバル,bsc,4
787,スペースカーニバル,adv,6
788,スペースカーニバル,ext,8
789,隅田川夏恋歌,bsc,4
790,隅田川夏恋歌,adv,7
791,隅田川夏恋歌,ext,9.8
792,Lead Me,bsc,3
793,Lead Me,adv,7
794,Lead Me,ext,8
795,Russian Snowy Dance,bsc,5
796,Russian Snowy Dance,adv,8
797,Russian Snowy Dance,ext,10.0
798,うらもからだも落花微塵,bsc,4
799,うらもからだも落花微塵,adv,7
800,うらもからだも落花微塵,ext,9.7
801,ALL MY HEART -この恋に、わたしの全てを賭ける-,bsc,4
802,ALL MY HEART -この恋に、わたしの全てを賭ける-,adv,7
803,ALL MY HEART -この恋に、わたしの全てを賭ける-,ext,8
804,キルト,bsc,5
805,キルト,adv,7
806,キルト,ext,9.7
807,concon,bsc,6
808,concon,adv,9.6
809,concon,ext,10.5
810,さよならトリップ,bsc,3
811,さよならトリップ,adv,7
812,さよならトリップ,ext,8
813,Shine On Me,bsc,4
814,Shine On Me,adv,7
815,Shine On Me,ext,8
816,Sweet Rain,bsc,4
817,Sweet Rain,adv,7
818,Sweet Rain,ext,9.1
819,Theory of Eternity,bsc,4
820,Theory of Eternity,adv,8
821,Theory of Eternity,ext,9.3
822,Far east nightbird,bsc,4
823,Far east nightbird,adv,7
824,Far east nightbird,ext,9.4
825,fellow,bsc,4
826,fellow,adv,5
827,fellow,ext,7
828,Love ♡ km,bsc,3
829,Love ♡ km,adv,7
830,Love ♡ km,ext,8
831,歌の翼,bsc,3
832,歌の翼,adv,7
833,歌の翼,ext,9.8
834,electro peaceful,bsc,4
835,electro peaceful,adv,7
836,electro peaceful,ext,8
837,陽炎,bsc,3
838,陽炎,adv,6
839,陽炎,ext,8
840,[E],bsc,6
841,[E],adv,8
842,[E],ext,9.6
843,ギタ・ドラ・jubeat大夏祭りのテーマ,bsc,6
844,ギタ・ドラ・jubeat大夏祭りのテーマ,adv,8
845,ギタ・ドラ・jubeat大夏祭りのテーマ,ext,9.8
846,candii,bsc,3
847,candii,adv,6
848,candii,ext,9.7
849,cloche,bsc,3
850,cloche,adv,6
851,cloche,ext,7
852,Summer Holiday,bsc,4
853,Summer Holiday,adv,6
854,Summer Holiday,ext,8
855,The Wind of Gold,bsc,5
856,The Wind of Gold,adv,8
857,The Wind of Gold,ext,10.2
858,幸せのかたち,bsc,3
859,幸せのかたち,adv,6
860,幸せのかたち,ext,9.5
861,JOMANDA,bsc,7
862,JOMANDA,adv,9.2
863,JOMANDA,ext,10.6
864,THIS NIGHT (jubeat EDITION),bsc,2
865,THIS NIGHT (jubeat EDITION),adv,5
866,THIS NIGHT (jubeat EDITION),ext,9.1
867,532nm,bsc,7
868,532nm,adv,8
869,532nm,ext,10.2
870,HEAVENLY MOON,bsc,4
871,HEAVENLY MOON,adv,8
872,HEAVENLY MOON,ext,10.4
873,RePrise,bsc,4
874,RePrise,adv,7
875,RePrise,ext,8
876,流砂の嵐,bsc,5
877,流砂の嵐,adv,7
878,流砂の嵐,ext,9.4
879,量子の海のリントヴルム,bsc,5
880,量子の海のリントヴルム,adv,7
881,量子の海のリントヴルム,ext,10.5
882,Across the nightmare,bsc,5
883,Across the nightmare,adv,7
884,Across the nightmare,ext,9.7
885,Asterism,bsc,4
886,Asterism,adv,7
887,Asterism,ext,8
888,anemone,bsc,5
889,anemone,adv,7
890,anemone,ext,9.7
891,Arousing,bsc,3
892,Arousing,adv,7
893,Arousing,ext,9.1
894,Vermilion,bsc,7
895,Vermilion,adv,9.2
896,Vermilion,ext,10.4
897,VALLIS-NERIA,bsc,4
898,VALLIS-NERIA,adv,8
899,VALLIS-NERIA,ext,10.4
900,Wow Wow VENUS,bsc,2
901,Wow Wow VENUS,adv,7
902,Wow Wow VENUS,ext,9.3
903,Water Horizon,bsc,4
904,Water Horizon,adv,8
905,Water Horizon,ext,9.1
906,Empathetic,bsc,4
907,Empathetic,adv,8
908,Empathetic,ext,9.8
909,お米の美味しい炊き方、そしてお米を食べることによるその効果。,bsc,3
910,お米の美味しい炊き方、そしてお米を食べることによるその効果。,adv,7
911,お米の美味しい炊き方、そしてお米を食べることによるその効果。,ext,10.1
912,朧,bsc,4
913,朧,adv,7
914,朧,ext,9.1
915,GAIA,bsc,4
916,GAIA,adv,8
917,GAIA,ext,10.3
918,カラフルミニッツ,bsc,3
919,カラフルミニッツ,adv,5
920,カラフルミニッツ,ext,8
921,カラルの月,bsc,3
922,カラルの月,adv,6
923,カラルの月,ext,9.4
924,記憶の欠片,bsc,3
925,記憶の欠片,adv,6
926,記憶の欠片,ext,7
927,君の元へ,bsc,2
928,君の元へ,adv,5
929,君の元へ,ext,7
930,quaver♪,bsc,4
931,quaver♪,adv,7
932,quaver♪,ext,8
933,黒髪乱れし修羅となりて,bsc,3
934,黒髪乱れし修羅となりて,adv,6
935,黒髪乱れし修羅となりて,ext,9.1
936,Chronos,bsc,4
937,Chronos,adv,8
938,Chronos,ext,9.3
939,恋する☆宇宙戦争っ!!,bsc,4
940,恋する☆宇宙戦争っ!!,adv,8
941,恋する☆宇宙戦争っ!!,ext,10.0
942,紅焔,bsc,4
943,紅焔,adv,8
944,紅焔,ext,9.6
945,この子の七つのお祝いに,bsc,5
946,この子の七つのお祝いに,adv,8
947,この子の七つのお祝いに,ext,9.8
948,Condor,bsc,3
949,Condor,adv,6
950,Condor,ext,9.9
951,Sakura Sunrise,bsc,4
952,Sakura Sunrise,adv,8
953,Sakura Sunrise,ext,9.2
954,サヨナラ・ヘヴン,bsc,3
955,サヨナラ・ヘヴン,adv,6
956,サヨナラ・ヘヴン,ext,8
957,Synergy For Angels,bsc,3
958,Synergy For Angels,adv,8
959,Synergy For Angels,ext,9.7
960,squall,bsc,5
961,squall,adv,6
962,squall,ext,9.2
963,STULTI,bsc,3
964,STULTI,adv,8
965,STULTI,ext,9.6
966,smooooch・∀・,bsc,3
967,smooooch・∀・,adv,8
968,smooooch・∀・,ext,10.1
969,晴天Bon Voyage,bsc,5
970,晴天Bon Voyage,adv,7
971,晴天Bon Voyage,ext,9.4
972,Second Heaven,bsc,4
973,Second Heaven,adv,6
974,Second Heaven,ext,9.2
975,ZED,bsc,4
976,ZED,adv,8
977,ZED,ext,9.6
978,ZZ,bsc,4
979,ZZ,adv,8
980,ZZ,ext,10.5
981,創世ノート,bsc,3
982,創世ノート,adv,7
983,創世ノート,ext,8
984,sola,bsc,3
985,sola,adv,7
986,sola,ext,9.6
987,TYCOON,bsc,3
988,TYCOON,adv,6
989,TYCOON,ext,9.1
990,chaplet,bsc,4
991,chaplet,adv,9.3
992,chaplet,ext,10.2
993,闘いの刻-jubeatREMIX-,bsc,3
994,闘いの刻-jubeatREMIX-,adv,6
995,闘いの刻-jubeatREMIX-,ext,7
996,つぼみ,bsc,3
997,つぼみ,adv,6
998,つぼみ,ext,8
999,Dispersion Star,bsc,2
1000,Dispersion Star,adv,6
1001,Dispersion Star,ext,9.5
1002,Daily Lunch Special,bsc,5
1003,Daily Lunch Special,adv,8
1004,Daily Lunch Special,ext,10.3
1005,デッドボヲルdeホームラン,bsc,4
1006,デッドボヲルdeホームラン,adv,6
1007,デッドボヲルdeホームラン,ext,9.6
1008,天上の果て,bsc,4
1009,天上の果て,adv,7
1010,天上の果て,ext,8
1011,True Blue,bsc,4
1012,True Blue,adv,9.7
1013,True Blue,ext,10.2
1014,轟け！恋のビーンボール！！,bsc,3
1015,轟け！恋のビーンボール！！,adv,7
1016,轟け！恋のビーンボール！！,ext,10.0
1017,Dragontail Butterfly,bsc,3
1018,Dragontail Butterfly,adv,7
1019,Dragontail Butterfly,ext,8
1020,トリカゴノ鳳凰,bsc,3
1021,トリカゴノ鳳凰,adv,7
1022,トリカゴノ鳳凰,ext,9.1
1023,Triple Journey -S-C-U EDITION-,bsc,4
1024,Triple Journey -S-C-U EDITION-,adv,9.2
1025,Triple Journey -S-C-U EDITION-,ext,9.8
1026,†渚の小悪魔ラヴリィ～レイディオ†,bsc,5
1027,†渚の小悪魔ラヴリィ～レイディオ†,adv,8
1028,†渚の小悪魔ラヴリィ～レイディオ†,ext,10.2
1029,夏・KOI・ムッシュ!!,bsc,4
1030,夏・KOI・ムッシュ!!,adv,6
1031,夏・KOI・ムッシュ!!,ext,9.5
1032,虹色の花,bsc,4
1033,虹色の花,adv,6
1034,虹色の花,ext,8
1035,New Decade,bsc,3
1036,New Decade,adv,8
1037,New Decade,ext,10.1
1038,HYENA,bsc,3
1039,HYENA,adv,7
1040,HYENA,ext,9.7
1041,華爛漫 -Flowers-,bsc,2
1042,華爛漫 -Flowers-,adv,7
1043,華爛漫 -Flowers-,ext,8
1044,ヒーロー,bsc,3
1045,ヒーロー,adv,6
1046,ヒーロー,ext,8
1047,Pink Rose,bsc,3
1048,Pink Rose,adv,6
1049,Pink Rose,ext,8
1050,Fantasia,bsc,3
1051,Fantasia,adv,6
1052,Fantasia,ext,8
1053,フー・フローツ,bsc,3
1054,フー・フローツ,adv,5
1055,フー・フローツ,ext,9.1
1056,ふしぎなくすり,bsc,3
1057,ふしぎなくすり,adv,5
1058,ふしぎなくすり,ext,9.3
1059,Baby Bleep March,bsc,4
1060,Baby Bleep March,adv,8
1061,Baby Bleep March,ext,9.5
1062,星屑のキロク,bsc,4
1063,星屑のキロク,adv,7
1064,星屑のキロク,ext,8
1065,ほしふり,bsc,4
1066,ほしふり,adv,6
1067,ほしふり,ext,8
1068,ポップミュージック論,bsc,3
1069,ポップミュージック論,adv,6
1070,ポップミュージック論,ext,8
1071,マインド・ゲーム,bsc,3
1072,マインド・ゲーム,adv,7
1073,マインド・ゲーム,ext,9.2
1074,Mother Ship,bsc,4
1075,Mother Ship,adv,8
1076,Mother Ship,ext,9.6
1077,万華鏡,bsc,5
1078,万華鏡,adv,8
1079,万華鏡,ext,9.6
1080,優勢オーバードーズ,bsc,3
1081,優勢オーバードーズ,adv,6
1082,優勢オーバードーズ,ext,8
1083,ラキラキ,bsc,3
1084,ラキラキ,adv,8
1085,ラキラキ,ext,10.6
1086,Lisa-RICCIA,bsc,4
1087,Lisa-RICCIA,adv,8
1088,Lisa-RICCIA,ext,10.5
1089,Little Star,bsc,4
1090,Little Star,adv,6
1091,Little Star,ext,8
1092,Rainbow after snow,bsc,2
1093,Rainbow after snow,adv,5
1094,Rainbow after snow,ext,8
1095,我が麗しのバレンシア,bsc,4
1096,我が麗しのバレンシア,adv,5
1097,我が麗しのバレンシア,ext,8
1098,枝に結ぶ願い,bsc,4
1099,枝に結ぶ願い,adv,8
1100,枝に結ぶ願い,ext,9.6
1101,Energy,bsc,3
1102,Energy,adv,6
1103,Energy,ext,9.6
1104,SHION,bsc,4
1105,SHION,adv,7
1106,SHION,ext,9.3
1107,DANCE ALL NIGHT,bsc,3
1108,DANCE ALL NIGHT,adv,5
1109,DANCE ALL NIGHT,ext,9.2
1110,High School Love,bsc,2
1111,High School Love,adv,6
1112,High School Love,ext,8
1113,Ha・lle・lu・jah,bsc,3
1114,Ha・lle・lu・jah,adv,6
1115,Ha・lle・lu・jah,ext,9.2
1116,FUNKY SUMMER BEACH,bsc,4
1117,FUNKY SUMMER BEACH,adv,7
1118,FUNKY SUMMER BEACH,ext,10.1
1119,BLUE DRAGON,bsc,2
1120,BLUE DRAGON,adv,5
1121,BLUE DRAGON,ext,9.1
1122,ポチコの幸せな日常,bsc,4
1123,ポチコの幸せな日常,adv,7
1124,ポチコの幸せな日常,ext,9.5
1125,Metric,bsc,3
1126,Metric,adv,6
1127,Metric,ext,8
1128,Little Flipper,bsc,3
1129,Little Flipper,adv,7
1130,Little Flipper,ext,9.1
1131,Resurrection,bsc,2
1132,Resurrection,adv,5
1133,Resurrection,ext,8
1134,天ノ弱[2],bsc,4
1135,天ノ弱[2],adv,7
1136,天ノ弱[2],ext,9.8
1137,妖隠し -あやかしかくし-,bsc,3
1138,妖隠し -あやかしかくし-,adv,5
1139,妖隠し -あやかしかくし-,ext,9.1
1140,In The Breeze,bsc,3
1141,In The Breeze,adv,7
1142,In The Breeze,ext,9.8
1143,エキサイティング！！も・ちゃ・ちゃ☆,bsc,5
1144,エキサイティング！！も・ちゃ・ちゃ☆,adv,7
1145,エキサイティング！！も・ちゃ・ちゃ☆,ext,9.4
1146,EBONY & IVORY,bsc,4
1147,EBONY & IVORY,adv,8
1148,EBONY & IVORY,ext,10.5
1149,完全無欠の無重力ダイブ,bsc,2
1150,完全無欠の無重力ダイブ,adv,5
1151,完全無欠の無重力ダイブ,ext,7
1152,3 A.M. ディテクティブ・ゲーム,bsc,3
1153,3 A.M. ディテクティブ・ゲーム,adv,6
1154,3 A.M. ディテクティブ・ゲーム,ext,9.1
1155,千年ノ理,bsc,4
1156,千年ノ理,adv,7
1157,千年ノ理,ext,9.6
1158,竹取飛翔 ～ Lunatic Princess (Ryu☆Remix),bsc,3
1159,竹取飛翔 ～ Lunatic Princess (Ryu☆Remix),adv,6
1160,竹取飛翔 ～ Lunatic Princess (Ryu☆Remix),ext,10.4
1161,Diargosの森,bsc,4
1162,Diargosの森,adv,6
1163,Diargosの森,ext,9.8
1164,twinkle noise,bsc,2
1165,twinkle noise,adv,5
1166,twinkle noise,ext,8
1167,Too Late Snow,bsc,3
1168,Too Late Snow,adv,5
1169,Too Late Snow,ext,9.2
1170,とびっきりのふわっふわ,bsc,3
1171,とびっきりのふわっふわ,adv,5
1172,とびっきりのふわっふわ,ext,6
1173,走れメロンパン[2],bsc,4
1174,走れメロンパン[2],adv,6
1175,走れメロンパン[2],ext,8
1176,パ→ピ→プ→Yeah!,bsc,6
1177,パ→ピ→プ→Yeah!,adv,8
1178,パ→ピ→プ→Yeah!,ext,10.1
1179,ビビットストリーム,bsc,4
1180,ビビットストリーム,adv,6
1181,ビビットストリーム,ext,8
1182,Braid ＆ Blade,bsc,3
1183,Braid ＆ Blade,adv,7
1184,Braid ＆ Blade,ext,9.2
1185,プレインエイジア -PHQ remix-,bsc,5
1186,プレインエイジア -PHQ remix-,adv,9.1
1187,プレインエイジア -PHQ remix-,ext,10.4
1188,prop the world,bsc,4
1189,prop the world,adv,7
1190,prop the world,ext,9.7
1191,ぽかぽかレトロード,bsc,4
1192,ぽかぽかレトロード,adv,6
1193,ぽかぽかレトロード,ext,9.0
1194,ほおずき程度には赤い頭髪,bsc,3
1195,ほおずき程度には赤い頭髪,adv,8
1196,ほおずき程度には赤い頭髪,ext,10.4
1197,ホメ猫☆センセーション,bsc,4
1198,ホメ猫☆センセーション,adv,7
1199,ホメ猫☆センセーション,ext,9.3
1200,Russian Caravan Rhapsody,bsc,4
1201,Russian Caravan Rhapsody,adv,7
1202,Russian Caravan Rhapsody,ext,10.1
1203,惑星☆ロリポップ,bsc,5
1204,惑星☆ロリポップ,adv,7
1205,惑星☆ロリポップ,ext,9.9
1206,Vampire Killer,bsc,3
1207,Vampire Killer,adv,7
1208,Vampire Killer,ext,9.7
1209,ULTRA HAPPY MEGAMIX,bsc,3
1210,ULTRA HAPPY MEGAMIX,adv,7
1211,ULTRA HAPPY MEGAMIX,ext,9.4
1212,運命,bsc,4
1213,運命,adv,6
1214,運命,ext,10.0
1215,KHAMEN BREAK -SDVX Infinity MashUp-,bsc,4
1216,KHAMEN BREAK -SDVX Infinity MashUp-,adv,8
1217,KHAMEN BREAK -SDVX Infinity MashUp-,ext,10.3
1218,がんばれゴエモン　～ ビーストメドレー ～,bsc,2
1219,がんばれゴエモン　～ ビーストメドレー ～,adv,6
1220,がんばれゴエモン　～ ビーストメドレー ～,ext,8
1221,GRADIUS Ⅱ　～ ビーストメドレー ～,bsc,2
1222,GRADIUS Ⅱ　～ ビーストメドレー ～,adv,6
1223,GRADIUS Ⅱ　～ ビーストメドレー ～,ext,9.4
1224,Grand Chariot,bsc,3
1225,Grand Chariot,adv,6
1226,Grand Chariot,ext,10.4
1227,月風魔伝　～ ビーストメドレー ～,bsc,4
1228,月風魔伝　～ ビーストメドレー ～,adv,7
1229,月風魔伝　～ ビーストメドレー ～,ext,9.4
1230,Giant Otter Family,bsc,3
1231,Giant Otter Family,adv,8
1232,Giant Otter Family,ext,9.5
1233,StrayedCatz,bsc,4
1234,StrayedCatz,adv,8
1235,StrayedCatz,ext,10.6
1236,ZEPHYRANTHES,bsc,4
1237,ZEPHYRANTHES,adv,8
1238,ZEPHYRANTHES,ext,10.4
1239,Sephirot,bsc,5
1240,Sephirot,adv,9.4
1241,Sephirot,ext,10.4
1242,Daisuke,bsc,3
1243,Daisuke,adv,6
1244,Daisuke,ext,9.1
1245,Twinbee's Home Town Song,bsc,2
1246,Twinbee's Home Town Song,adv,6
1247,Twinbee's Home Town Song,ext,9.4
1248,Triple Counter,bsc,6
1249,Triple Counter,adv,9.2
1250,Triple Counter,ext,10.4
1251,バビロニア,bsc,3
1252,バビロニア,adv,6
1253,バビロニア,ext,8
1254,変じゃない!!,bsc,2
1255,変じゃない!!,adv,6
1256,変じゃない!!,ext,8
1257,星宿る空の下で,bsc,4
1258,星宿る空の下で,adv,7
1259,星宿る空の下で,ext,9.3
1260,Phlox,bsc,4
1261,Phlox,adv,8
1262,Phlox,ext,10.1
1263,蟲の棲む処,bsc,4
1264,蟲の棲む処,adv,8
1265,蟲の棲む処,ext,10.2
1266,六花にくちづけ,bsc,4
1267,六花にくちづけ,adv,6
1268,六花にくちづけ,ext,8
1269,Another Phase,bsc,3
1270,Another Phase,adv,7
1271,Another Phase,ext,9.7
1272,Alive in my Soul,bsc,3
1273,Alive in my Soul,adv,6
1274,Alive in my Soul,ext,8
1275,キリステゴメン,bsc,5
1276,キリステゴメン,adv,7
1277,キリステゴメン,ext,9.3
1278,けもののおうじゃ★めうめう,bsc,3
1279,けもののおうじゃ★めうめう,adv,6
1280,けもののおうじゃ★めうめう,ext,8
1281,飽和世界,bsc,3
1282,飽和世界,adv,5
1283,飽和世界,ext,9.1
1284,Sulk,bsc,4
1285,Sulk,adv,7
1286,Sulk,ext,9.6
1287,シノビシノノメ,bsc,3
1288,シノビシノノメ,adv,6
1289,シノビシノノメ,ext,9.0
1290,銃弾は解を撃ち抜いて,bsc,4
1291,銃弾は解を撃ち抜いて,adv,6
1292,銃弾は解を撃ち抜いて,ext,9.0
1293,星座が恋した瞬間を。,bsc,3
1294,星座が恋した瞬間を。,adv,7
1295,星座が恋した瞬間を。,ext,9.3
1296,たからもの,bsc,3
1297,たからもの,adv,7
1298,たからもの,ext,9.0
1299,Drizzly Venom,bsc,3
1300,Drizzly Venom,adv,6
1301,Drizzly Venom,ext,9.6
1302,ナイト・オブ・ロンド,bsc,4
1303,ナイト・オブ・ロンド,adv,6
1304,ナイト・オブ・ロンド,ext,8
1305,birth,bsc,5
1306,birth,adv,8
1307,birth,ext,10.5
1308,羽根亡キ少女唄,bsc,3
1309,羽根亡キ少女唄,adv,6
1310,羽根亡キ少女唄,ext,9.0
1311,Be a Hero!,bsc,4
1312,Be a Hero!,adv,8
1313,Be a Hero!,ext,10.3
1314,風鈴花火,bsc,2
1315,風鈴花火,adv,5
1316,風鈴花火,ext,8
1317,Fly far bounce,bsc,3
1318,Fly far bounce,adv,6
1319,Fly far bounce,ext,9.5
1320,ミカヅキ:コネクト,bsc,4
1321,ミカヅキ:コネクト,adv,7
1322,ミカヅキ:コネクト,ext,9.7
1323,ミラクル・スイート・スイーツ・マジック！！,bsc,3
1324,ミラクル・スイート・スイーツ・マジック！！,adv,7
1325,ミラクル・スイート・スイーツ・マジック！！,ext,9.0
1326,レゾンデートル、前線より,bsc,4
1327,レゾンデートル、前線より,adv,7
1328,レゾンデートル、前線より,ext,9.0
1329,Agnus Dei,bsc,4
1330,Agnus Dei,adv,6
1331,Agnus Dei,ext,9.6
1332,In Your EyEs,bsc,5
1333,In Your EyEs,adv,7
1334,In Your EyEs,ext,10.5
1335,Winter Gift ～クリスピーからの贈りもの～,bsc,4
1336,Winter Gift ～クリスピーからの贈りもの～,adv,7
1337,Winter Gift ～クリスピーからの贈りもの～,ext,9.6
1338,Endless Beats ⇔ Endless Parties,bsc,2
1339,Endless Beats ⇔ Endless Parties,adv,7
1340,Endless Beats ⇔ Endless Parties,ext,10.3
1341,おにぎりディスコ,bsc,1
1342,おにぎりディスコ,adv,4
1343,おにぎりディスコ,ext,7
1344,革命パッショネイト,bsc,4
1345,革命パッショネイト,adv,7
1346,革命パッショネイト,ext,10.2
1347,Catch Our Fire!,bsc,4
1348,Catch Our Fire!,adv,7
1349,Catch Our Fire!,ext,10.4
1350,Surf on the Light,bsc,3
1351,Surf on the Light,adv,5
1352,Surf on the Light,ext,10.0
1353,Sahara,bsc,4
1354,Sahara,adv,7
1355,Sahara,ext,10.2
1356,Samba Ramba,bsc,3
1357,Samba Ramba,adv,6
1358,Samba Ramba,ext,9.3
1359,幸せが鳴る夜に,bsc,4
1360,幸せが鳴る夜に,adv,7
1361,幸せが鳴る夜に,ext,9.7
1362,シンクロフィッシュ,bsc,2
1363,シンクロフィッシュ,adv,5
1364,シンクロフィッシュ,ext,8
1365,スイーツはとまらない♪,bsc,2
1366,スイーツはとまらない♪,adv,5
1367,スイーツはとまらない♪,ext,8
1368,スミスえかきうた,bsc,1
1369,スミスえかきうた,adv,5
1370,スミスえかきうた,ext,8
1371,世界の果てに約束の凱歌を -jubeat edition-,bsc,4
1372,世界の果てに約束の凱歌を -jubeat edition-,adv,9.2
1373,世界の果てに約束の凱歌を -jubeat edition-,ext,10.6
1374,拙者拙者拙者拙者,bsc,3
1375,拙者拙者拙者拙者,adv,7
1376,拙者拙者拙者拙者,ext,10.2
1377,たたえよ！絶対覇権アリーシャ帝国,bsc,4
1378,たたえよ！絶対覇権アリーシャ帝国,adv,7
1379,たたえよ！絶対覇権アリーシャ帝国,ext,9.4
1380,タンポポ,bsc,3
1381,タンポポ,adv,7
1382,タンポポ,ext,9.8
1383,月影小町,bsc,3
1384,月影小町,adv,6
1385,月影小町,ext,9.0
1386,熱情のサパデアード,bsc,3
1387,熱情のサパデアード,adv,6
1388,熱情のサパデアード,ext,8
1389,箱庭のエチュード,bsc,3
1390,箱庭のエチュード,adv,6
1391,箱庭のエチュード,ext,8
1392,ヒカリユリイカ,bsc,3
1393,ヒカリユリイカ,adv,6
1394,ヒカリユリイカ,ext,8
1395,ビター・エスケープ,bsc,3
1396,ビター・エスケープ,adv,6
1397,ビター・エスケープ,ext,8
1398,50th Memorial Songs -The BEMANI History-,bsc,6
1399,50th Memorial Songs -The BEMANI History-,adv,9.0
1400,50th Memorial Songs -The BEMANI History-,ext,10.1
1401,50th Memorial Songs -二人の時 ～under the cherry blossoms～-,bsc,3
1402,50th Memorial Songs -二人の時 ～under the cherry blossoms～-,adv,6
1403,50th Memorial Songs -二人の時 ～under the cherry blossoms～-,ext,9.1
1404,50th Memorial Songs -Flagship medley-,bsc,4
1405,50th Memorial Songs -Flagship medley-,adv,7
1406,50th Memorial Songs -Flagship medley-,ext,9.5
1407,封隠文様,bsc,4
1408,封隠文様,adv,7
1409,封隠文様,ext,9.3
1410,ビューティフル レシート,bsc,4
1411,ビューティフル レシート,adv,7
1412,ビューティフル レシート,ext,10.1
1413,ベビーステップ,bsc,4
1414,ベビーステップ,adv,6
1415,ベビーステップ,ext,9.0
1416,POSSESSION,bsc,5
1417,POSSESSION,adv,9.7
1418,POSSESSION,ext,10.6
1419,めた・メタ？ひまわり＊パンチ,bsc,2
1420,めた・メタ？ひまわり＊パンチ,adv,5
1421,めた・メタ？ひまわり＊パンチ,ext,9.2
1422,ラブキラ☆スプラッシュ,bsc,4
1423,ラブキラ☆スプラッシュ,adv,8
1424,ラブキラ☆スプラッシュ,ext,10.2
1425,ランカーキラーガール,bsc,4
1426,ランカーキラーガール,adv,7
1427,ランカーキラーガール,ext,10.4
1428,あいのうた,bsc,3
1429,あいのうた,adv,4
1430,あいのうた,ext,8
1431,I love マミー,bsc,4
1432,I love マミー,adv,5
1433,I love マミー,ext,8
1434,In Scottish Highlands,bsc,3
1435,In Scottish Highlands,adv,6
1436,In Scottish Highlands,ext,9.8
1437,GIGA BREAK,bsc,6
1438,GIGA BREAK,adv,7
1439,GIGA BREAK,ext,9.7
1440,Crosswind,bsc,3
1441,Crosswind,adv,7
1442,Crosswind,ext,9.8
1443,Jumping Boogie,bsc,5
1444,Jumping Boogie,adv,7
1445,Jumping Boogie,ext,8
1446,Slang,bsc,4
1447,Slang,adv,7
1448,Slang,ext,9.8
1449,Chance and Dice,bsc,5
1450,Chance and Dice,adv,6
1451,Chance and Dice,ext,7
1452,Happy Happy,bsc,2
1453,Happy Happy,adv,5
1454,Happy Happy,ext,8
1455,eyes,bsc,3
1456,eyes,adv,7
1457,eyes,ext,8
1458,INVISIBLE WORLD,bsc,2
1459,INVISIBLE WORLD,adv,7
1460,INVISIBLE WORLD,ext,8
1461,ECO FIGHTER,bsc,3
1462,ECO FIGHTER,adv,5
1463,ECO FIGHTER,ext,7
1464,Queen's Paradise,bsc,4
1465,Queen's Paradise,adv,6
1466,Queen's Paradise,ext,7
1467,コイノチカラ,bsc,3
1468,コイノチカラ,adv,6
1469,コイノチカラ,ext,8
1470,SWEET ANGEL,bsc,4
1471,SWEET ANGEL,adv,5
1472,SWEET ANGEL,ext,9.7
1473,STARLIT DUST/スティルに捧ぐ,bsc,4
1474,STARLIT DUST/スティルに捧ぐ,adv,6
1475,STARLIT DUST/スティルに捧ぐ,ext,8
1476,Macuilxochitl,bsc,7
1477,Macuilxochitl,adv,8
1478,Macuilxochitl,ext,10.3
1479,愛と勇気の三度笠ポン太,bsc,4
1480,愛と勇気の三度笠ポン太,adv,6
1481,愛と勇気の三度笠ポン太,ext,8
1482,KUNG-FU MAMA,bsc,3
1483,KUNG-FU MAMA,adv,7
1484,KUNG-FU MAMA,ext,8
1485,Green Green Dance,bsc,3
1486,Green Green Dance,adv,7
1487,Green Green Dance,ext,8
1488,Jailbreak,bsc,5
1489,Jailbreak,adv,6
1490,Jailbreak,ext,9.7
1491,Shining Wizard,bsc,5
1492,Shining Wizard,adv,8
1493,Shining Wizard,ext,9.8
1494,STELLAR WIND,bsc,6
1495,STELLAR WIND,adv,9.8
1496,STELLAR WIND,ext,10.4
1497,STREET DANCER,bsc,2
1498,STREET DANCER,adv,6
1499,STREET DANCER,ext,7
1500,Prophet Vibe,bsc,3
1501,Prophet Vibe,adv,7
1502,Prophet Vibe,ext,8
1503,Ready Go!!,bsc,4
1504,Ready Go!!,adv,6
1505,Ready Go!!,ext,8
1506,yellow head joe,bsc,7
1507,yellow head joe,adv,10.4
1508,yellow head joe,ext,10.4
1509,800nm,bsc,5
1510,800nm,adv,8
1511,800nm,ext,9.1
1512,逆ナンされたのにドタキャン!!,bsc,4
1513,逆ナンされたのにドタキャン!!,adv,8
1514,逆ナンされたのにドタキャン!!,ext,9.7
1515,Starlight Parade,bsc,4
1516,Starlight Parade,adv,6
1517,Starlight Parade,ext,8
1518,DOUBLE IMPACT,bsc,5
1519,DOUBLE IMPACT,adv,6
1520,DOUBLE IMPACT,ext,10.5
1521,Devil Fish Dumpling,bsc,4
1522,Devil Fish Dumpling,adv,7
1523,Devil Fish Dumpling,ext,10.1
1524,TWINKLE♡HEART,bsc,3
1525,TWINKLE♡HEART,adv,7
1526,TWINKLE♡HEART,ext,9.2
1527,ナナホシ,bsc,5
1528,ナナホシ,adv,7
1529,ナナホシ,ext,9.6
1530,HEAT-BIT-HIT-BEAT,bsc,5
1531,HEAT-BIT-HIT-BEAT,adv,8
1532,HEAT-BIT-HIT-BEAT,ext,9.2
1533,Plum,bsc,4
1534,Plum,adv,6
1535,Plum,ext,9.7
1536,FRIENDSHIP,bsc,4
1537,FRIENDSHIP,adv,7
1538,FRIENDSHIP,ext,8
1539,polygon,bsc,3
1540,polygon,adv,5
1541,polygon,ext,8
1542,瞬,bsc,4
1543,瞬,adv,7
1544,瞬,ext,8
1545,Riot of Color,bsc,5
1546,Riot of Color,adv,8
1547,Riot of Color,ext,10.4
1548,Rush!!,bsc,4
1549,Rush!!,adv,7
1550,Rush!!,ext,8
1551,Red Goose,bsc,5
1552,Red Goose,adv,8
1553,Red Goose,ext,10.5
1554,WONDER WALKER,bsc,6
1555,WONDER WALKER,adv,8
1556,WONDER WALKER,ext,10.1
1557,I/O,bsc,4
1558,I/O,adv,7
1559,I/O,ext,8
1560,愛は不死鳥の様に,bsc,6
1561,愛は不死鳥の様に,adv,8
1562,愛は不死鳥の様に,ext,10.5
1563,アストライアの双皿,bsc,6
1564,アストライアの双皿,adv,9.5
1565,アストライアの双皿,ext,10.5
1566,attack in the minor key,bsc,3
1567,attack in the minor key,adv,6
1568,attack in the minor key,ext,9.6
1569,Amalgamation,bsc,4
1570,Amalgamation,adv,7
1571,Amalgamation,ext,9.1
1572,雨ノチHello,bsc,3
1573,雨ノチHello,adv,6
1574,雨ノチHello,ext,9.8
1575,Our Faith,bsc,4
1576,Our Faith,adv,8
1577,Our Faith,ext,10.6
1578,イ号零型,bsc,3
1579,イ号零型,adv,5
1580,イ号零型,ext,9.5
1581,Vanity,bsc,4
1582,Vanity,adv,7
1583,Vanity,ext,9.6
1584,We're so Happy,bsc,5
1585,We're so Happy,adv,8
1586,We're so Happy,ext,10.4
1587,Windy Fairy,bsc,3
1588,Windy Fairy,adv,7
1589,Windy Fairy,ext,9.1
1590,梅雪夜,bsc,3
1591,梅雪夜,adv,6
1592,梅雪夜,ext,9.1
1593,8 -eight-,bsc,4
1594,8 -eight-,adv,6
1595,8 -eight-,ext,9.5
1596,Engraved Mark,bsc,4
1597,Engraved Mark,adv,8
1598,Engraved Mark,ext,9.7
1599,Endless Chain ～2人でトリガーをひこう～,bsc,2
1600,Endless Chain ～2人でトリガーをひこう～,adv,5
1601,Endless Chain ～2人でトリガーをひこう～,ext,8
1602,O JIYA,bsc,3
1603,O JIYA,adv,6
1604,O JIYA,ext,9.5
1605,OVERHEAT - Type J -,bsc,4
1606,OVERHEAT - Type J -,adv,9.2
1607,OVERHEAT - Type J -,ext,10.6
1608,影縫い胤撒き,bsc,3
1609,影縫い胤撒き,adv,5
1610,影縫い胤撒き,ext,9.7
1611,Cassis,bsc,3
1612,Cassis,adv,6
1613,Cassis,ext,8
1614,キケンな果実,bsc,2
1615,キケンな果実,adv,6
1616,キケンな果実,ext,9.0
1617,caramel ribbon,bsc,3
1618,caramel ribbon,adv,8
1619,caramel ribbon,ext,10.1
1620,Gimme a Big Beat,bsc,3
1621,Gimme a Big Beat,adv,6
1622,Gimme a Big Beat,ext,9.5
1623,キラキラ☆ステーション,bsc,5
1624,キラキラ☆ステーション,adv,8
1625,キラキラ☆ステーション,ext,9.5
1626,Clumsy thoughts,bsc,2
1627,Clumsy thoughts,adv,7
1628,Clumsy thoughts,ext,8
1629,紅蓮の焔,bsc,3
1630,紅蓮の焔,adv,6
1631,紅蓮の焔,ext,9.4
1632,恋はどう？モロ◎波動OK☆方程式！！,bsc,3
1633,恋はどう？モロ◎波動OK☆方程式！！,adv,8
1634,恋はどう？モロ◎波動OK☆方程式！！,ext,9.8
1635,Go For The Top,bsc,4
1636,Go For The Top,adv,8
1637,Go For The Top,ext,9.5
1638,Cosmic Hurricane,bsc,4
1639,Cosmic Hurricane,adv,8
1640,Cosmic Hurricane,ext,10.0
1641,この青空の下で,bsc,4
1642,この青空の下で,adv,7
1643,この青空の下で,ext,9.4
1644,Gott,bsc,4
1645,Gott,adv,8
1646,Gott,ext,10.3
1647,Concertino in Blue,bsc,4
1648,Concertino in Blue,adv,8
1649,Concertino in Blue,ext,9.8
1650,Confiserie,bsc,6
1651,Confiserie,adv,10.4
1652,Confiserie,ext,10.7
1653,防人恋歌,bsc,3
1654,防人恋歌,adv,5
1655,防人恋歌,ext,7
1656,SEED,bsc,7
1657,SEED,adv,8
1658,SEED,ext,9.8
1659,此岸の戯事,bsc,4
1660,此岸の戯事,adv,8
1661,此岸の戯事,ext,10.5
1662,終末を追う者,bsc,4
1663,終末を追う者,adv,8
1664,終末を追う者,ext,10.4
1665,少年は空を辿る,bsc,7
1666,少年は空を辿る,adv,9.4
1667,少年は空を辿る,ext,10.5
1668,SILVER☆DREAM,bsc,5
1669,SILVER☆DREAM,adv,7
1670,SILVER☆DREAM,ext,8
1671,Sky Is The Limit,bsc,3
1672,Sky Is The Limit,adv,6
1673,Sky Is The Limit,ext,9.4
1674,Squeeze,bsc,4
1675,Squeeze,adv,7
1676,Squeeze,ext,10.3
1677,Stand Alone Beat Masta,bsc,6
1678,Stand Alone Beat Masta,adv,9.5
1679,Stand Alone Beat Masta,ext,10.8
1680,Stella Sinistra,bsc,3
1681,Stella Sinistra,adv,7
1682,Stella Sinistra,ext,9.8
1683,ストレイ・マーチ,bsc,3
1684,ストレイ・マーチ,adv,6
1685,ストレイ・マーチ,ext,8
1686,Straight Oath,bsc,2
1687,Straight Oath,adv,5
1688,Straight Oath,ext,8
1689,Snowfield Express,bsc,4
1690,Snowfield Express,adv,6
1691,Snowfield Express,ext,9.3
1692,snow prism,bsc,3
1693,snow prism,adv,7
1694,snow prism,ext,8
1695,spring pony,bsc,4
1696,spring pony,adv,7
1697,spring pony,ext,9.7
1698,蒼天,bsc,2
1699,蒼天,adv,5
1700,蒼天,ext,8
1701,Sol Cosine Job 2,bsc,6
1702,Sol Cosine Job 2,adv,9.5
1703,Sol Cosine Job 2,ext,10.7
1704,Dynasty,bsc,4
1705,Dynasty,adv,8
1706,Dynasty,ext,10.3
1707,TSAR BOMBA,bsc,4
1708,TSAR BOMBA,adv,8
1709,TSAR BOMBA,ext,10.4
1710,ツキミチヌ,bsc,2
1711,ツキミチヌ,adv,5
1712,ツキミチヌ,ext,7
1713,DIAVOLO,bsc,4
1714,DIAVOLO,adv,9.6
1715,DIAVOLO,ext,10.6
1716,December Breeze,bsc,4
1717,December Breeze,adv,8
1718,December Breeze,ext,10.0
1719,Twinkle Wonderland,bsc,4
1720,Twinkle Wonderland,adv,6
1721,Twinkle Wonderland,ext,8
1722,Thor's Hammer,bsc,4
1723,Thor's Hammer,adv,8
1724,Thor's Hammer,ext,10.5
1725,DRAGON KILLER,bsc,3
1726,DRAGON KILLER,adv,6
1727,DRAGON KILLER,ext,9.6
1728,Dragon Blade,bsc,5
1729,Dragon Blade,adv,8
1730,Dragon Blade,ext,10.4
1731,NIGHT FLIGHT,bsc,4
1732,NIGHT FLIGHT,adv,7
1733,NIGHT FLIGHT,ext,9.4
1734,IX,bsc,4
1735,IX,adv,9.5
1736,IX,ext,10.7
1737,New Gravity,bsc,3
1738,New Gravity,adv,7
1739,New Gravity,ext,8
1740,Never Look Back in Sorrow,bsc,5
1741,Never Look Back in Sorrow,adv,8
1742,Never Look Back in Sorrow,ext,10.5
1743,neu,bsc,4
1744,neu,adv,7
1745,neu,ext,10.2
1746,HEART BEAT FORMULA,bsc,4
1747,HEART BEAT FORMULA,adv,6
1748,HEART BEAT FORMULA,ext,8
1749,Happy,bsc,5
1750,Happy,adv,7
1751,Happy,ext,8
1752,PUNISHER,bsc,4
1753,PUNISHER,adv,7
1754,PUNISHER,ext,9.2
1755,PULSE LASER,bsc,3
1756,PULSE LASER,adv,7
1757,PULSE LASER,ext,9.5
1758,Hello world!,bsc,2
1759,Hello world!,adv,5
1760,Hello world!,ext,8
1761,Beastie Starter,bsc,5
1762,Beastie Starter,adv,8
1763,Beastie Starter,ext,10.7
1764,V,bsc,3
1765,V,adv,9.5
1766,V,ext,10.5
1767,405nm (Ryu☆mix),bsc,7
1768,405nm (Ryu☆mix),adv,9.6
1769,405nm (Ryu☆mix),ext,10.3
1770,PRANA,bsc,5
1771,PRANA,adv,8
1772,PRANA,ext,9.8
1773,Fly with me,bsc,4
1774,Fly with me,adv,7
1775,Fly with me,ext,9.6
1776,Plan 8,bsc,4
1777,Plan 8,adv,8
1778,Plan 8,ext,10.2
1779,Brand New World,bsc,3
1780,Brand New World,adv,7
1781,Brand New World,ext,8
1782,Flip Flap,bsc,3
1783,Flip Flap,adv,7
1784,Flip Flap,ext,8
1785,BLUE STRAGGLER,bsc,5
1786,BLUE STRAGGLER,adv,9.7
1787,BLUE STRAGGLER,ext,10.3
1788,Proof of the existence,bsc,4
1789,Proof of the existence,adv,7
1790,Proof of the existence,ext,10.3
1791,Broken,bsc,4
1792,Broken,adv,8
1793,Broken,ext,10.1
1794,heron,bsc,4
1795,heron,adv,7
1796,heron,ext,9.4
1797,POINT ZERO,bsc,3
1798,POINT ZERO,adv,6
1799,POINT ZERO,ext,9.7
1800,亡国のヒストリア,bsc,4
1801,亡国のヒストリア,adv,6
1802,亡国のヒストリア,ext,8
1803,Holy Snow,bsc,5
1804,Holy Snow,adv,8
1805,Holy Snow,ext,9.8
1806,Mynarco,bsc,5
1807,Mynarco,adv,7
1808,Mynarco,ext,9.4
1809,Magnetic,bsc,5
1810,Magnetic,adv,8
1811,Magnetic,ext,9.6
1812,Mirage,bsc,4
1813,Mirage,adv,6
1814,Mirage,ext,9.7
1815,milky ice bear,bsc,4
1816,milky ice bear,adv,6
1817,milky ice bear,ext,8
1818,Move That Body,bsc,3
1819,Move That Body,adv,7
1820,Move That Body,ext,9.2
1821,野球の遊び方　そしてその歴史　～決定版～,bsc,3
1822,野球の遊び方　そしてその歴史　～決定版～,adv,6
1823,野球の遊び方　そしてその歴史　～決定版～,ext,9.5
1824,Unicorn tail Dustboxxxx RMX,bsc,4
1825,Unicorn tail Dustboxxxx RMX,adv,8
1826,Unicorn tail Dustboxxxx RMX,ext,10.2
1827,Right on time(Ryu☆ Remix),bsc,4
1828,Right on time(Ryu☆ Remix),adv,6
1829,Right on time(Ryu☆ Remix),ext,9.4
1830,Life Connection,bsc,4
1831,Life Connection,adv,6
1832,Life Connection,ext,7
1833,LUV CAN SAVE U,bsc,4
1834,LUV CAN SAVE U,adv,8
1835,LUV CAN SAVE U,ext,9.6
1836,リメンバーリメンバー,bsc,3
1837,リメンバーリメンバー,adv,6
1838,リメンバーリメンバー,ext,8
1839,le mirage,bsc,2
1840,le mirage,adv,6
1841,le mirage,ext,8
1842,Ray,bsc,2
1843,Ray,adv,7
1844,Ray,ext,8
1845,RED ZONE,bsc,4
1846,RED ZONE,adv,8
1847,RED ZONE,ext,10.3
1848,恋愛観測,bsc,3
1849,恋愛観測,adv,7
1850,恋愛観測,ext,9.1
1851,恋閃繚乱,bsc,4
1852,恋閃繚乱,adv,6
1853,恋閃繚乱,ext,8
1854,robin,bsc,4
1855,robin,adv,6
1856,robin,ext,8
1857,Romancing Layer,bsc,3
1858,Romancing Layer,adv,9.4
1859,Romancing Layer,ext,10.2
1860,朱と碧のランページ,bsc,3
1861,朱と碧のランページ,adv,7
1862,朱と碧のランページ,ext,9.3
1863,athletic meet of sound toy,bsc,5
1864,athletic meet of sound toy,adv,8
1865,athletic meet of sound toy,ext,9.1
1866,encounter,bsc,5
1867,encounter,adv,8
1868,encounter,ext,10.4
1869,aura,bsc,3
1870,aura,adv,6
1871,aura,ext,9.4
1872,御千手メディテーション,bsc,5
1873,御千手メディテーション,adv,9.1
1874,御千手メディテーション,ext,10.3
1875,KHAMEN BREAK,bsc,4
1876,KHAMEN BREAK,adv,7
1877,KHAMEN BREAK,ext,10.3
1878,Cleopatrysm,bsc,5
1879,Cleopatrysm,adv,8
1880,Cleopatrysm,ext,10.6
1881,コドモライブ,bsc,2
1882,コドモライブ,adv,6
1883,コドモライブ,ext,8
1884,STERLING SILVER,bsc,4
1885,STERLING SILVER,adv,8
1886,STERLING SILVER,ext,10.2
1887,Spanish Snowy Dance,bsc,3
1888,Spanish Snowy Dance,adv,7
1889,Spanish Snowy Dance,ext,8
1890,7 Colors,bsc,2
1891,7 Colors,adv,6
1892,7 Colors,ext,9.0
1893,time granular,bsc,4
1894,time granular,adv,7
1895,time granular,ext,9.1
1896,Timberwolves,bsc,5
1897,Timberwolves,adv,8
1898,Timberwolves,ext,10.1
1899,"10,000,000,000",bsc,3
1900,"10,000,000,000",adv,8
1901,"10,000,000,000",ext,9.1
1902,ドーパミン,bsc,5
1903,ドーパミン,adv,8
1904,ドーパミン,ext,10.7
1905,Nature (jubeat version),bsc,5
1906,Nature (jubeat version),adv,9.7
1907,Nature (jubeat version),ext,10.5
1908,猫侍の逆襲,bsc,3
1909,猫侍の逆襲,adv,7
1910,猫侍の逆襲,ext,9.5
1911,passionate fate,bsc,3
1912,passionate fate,adv,7
1913,passionate fate,ext,9.1
1914,HYDRA,bsc,3
1915,HYDRA,adv,8
1916,HYDRA,ext,9.2
1917,Follow Tomorrow,bsc,3
1918,Follow Tomorrow,adv,6
1919,Follow Tomorrow,ext,8
1920,planarian,bsc,2
1921,planarian,adv,6
1922,planarian,ext,9.2
1923,Blue Goose,bsc,4
1924,Blue Goose,adv,8
1925,Blue Goose,ext,10.2
1926,フレッフレー♪熱血チアガール,bsc,4
1927,フレッフレー♪熱血チアガール,adv,7
1928,フレッフレー♪熱血チアガール,ext,10.3
1929,まるでマトリョーシカ,bsc,3
1930,まるでマトリョーシカ,adv,6
1931,まるでマトリョーシカ,ext,8
1932,Milchstrase,bsc,2
1933,Milchstrase,adv,5
1934,Milchstrase,ext,9.1
1935,Mono Logic,bsc,3
1936,Mono Logic,adv,7
1937,Mono Logic,ext,9.1
1938,unisonote,bsc,2
1939,unisonote,adv,6
1940,unisonote,ext,9.2
1941,Ausretious#1-まどろみ、或いは嘆色の夢-,bsc,4
1942,Ausretious#1-まどろみ、或いは嘆色の夢-,adv,7
1943,Ausretious#1-まどろみ、或いは嘆色の夢-,ext,10.4
1944,アガット,bsc,5
1945,アガット,adv,8
1946,アガット,ext,10.6
1947,アレスの楯,bsc,3
1948,アレスの楯,adv,6
1949,アレスの楯,ext,9.4
1950,We're so Happy[2],bsc,4
1951,We're so Happy[2],adv,8
1952,We're so Happy[2],ext,10.2
1953,overcomplexification,bsc,4
1954,overcomplexification,adv,8
1955,overcomplexification,ext,10.4
1956,きらきらタイム☆,bsc,4
1957,きらきらタイム☆,adv,7
1958,きらきらタイム☆,ext,10.1
1959,glacia,bsc,6
1960,glacia,adv,9.2
1961,glacia,ext,10.3
1962,glacia[2],bsc,6
1963,glacia[2],adv,9.5
1964,glacia[2],ext,10.6
1965,Crack Traxxxx,bsc,4
1966,Crack Traxxxx,adv,8
1967,Crack Traxxxx,ext,10.6
1968,Chloé,bsc,5
1969,Chloé,adv,8
1970,Chloé,ext,10.2
1971,croiX,bsc,6
1972,croiX,adv,8
1973,croiX,ext,10.6
1974,Sacrifice for Justice,bsc,3
1975,Sacrifice for Justice,adv,7
1976,Sacrifice for Justice,ext,10.3
1977,citrus,bsc,4
1978,citrus,adv,7
1979,citrus,ext,9.7
1980,Just Believe,bsc,3
1981,Just Believe,adv,7
1982,Just Believe,ext,9.3
1983,SWEET HOME PARTY,bsc,4
1984,SWEET HOME PARTY,adv,7
1985,SWEET HOME PARTY,ext,9.6
1986,ススススペースハリネズミ,bsc,4
1987,ススススペースハリネズミ,adv,8
1988,ススススペースハリネズミ,ext,10.5
1989,Slluuddggee,bsc,4
1990,Slluuddggee,adv,9.2
1991,Slluuddggee,ext,10.3
1992,超越してしまった彼女と其を生み落した理由,bsc,4
1993,超越してしまった彼女と其を生み落した理由,adv,8
1994,超越してしまった彼女と其を生み落した理由,ext,10.3
1995,天空の華,bsc,7
1996,天空の華,adv,9.5
1997,天空の華,ext,10.6
1998,TWINKLING,bsc,3
1999,TWINKLING,adv,5
2000,TWINKLING,ext,8
2001,Two Pianists,bsc,4
2002,Two Pianists,adv,7
2003,Two Pianists,ext,10.2
2004,Too Late Snow[2],bsc,4
2005,Too Late Snow[2],adv,9.2
2006,Too Late Snow[2],ext,10.5
2007,トリカゴノ鳳凰[2],bsc,3
2008,トリカゴノ鳳凰[2],adv,8
2009,トリカゴノ鳳凰[2],ext,10.3
2010,Towards the TOWER,bsc,5
2011,Towards the TOWER,adv,8
2012,Towards the TOWER,ext,9.7
2013,†渚の小悪魔ラヴリィ～レイディオ†[2],bsc,6
2014,†渚の小悪魔ラヴリィ～レイディオ†[2],adv,8
2015,†渚の小悪魔ラヴリィ～レイディオ†[2],ext,10.3
2016,夏色DIARY 俺のjubeat編,bsc,4
2017,夏色DIARY 俺のjubeat編,adv,7
2018,夏色DIARY 俺のjubeat編,ext,10.3
2019,日天悦扇紊舞,bsc,3
2020,日天悦扇紊舞,adv,7
2021,日天悦扇紊舞,ext,9.3
2022,Niflheimr,bsc,4
2023,Niflheimr,adv,8
2024,Niflheimr,ext,10.6
2025,FLOWER[2],bsc,6
2026,FLOWER[2],adv,8
2027,FLOWER[2],ext,10.4
2028,freaky freak,bsc,4
2029,freaky freak,adv,7
2030,freaky freak,ext,10.2
2031,炎のDiargos,bsc,4
2032,炎のDiargos,adv,8
2033,炎のDiargos,ext,9.6
2034,雪女,bsc,5
2035,雪女,adv,9.2
2036,雪女,ext,10.1
2037,Lovesick Lovetune,bsc,3
2038,Lovesick Lovetune,adv,6
2039,Lovesick Lovetune,ext,9.4
2040,Love ♡ km[2],bsc,4
2041,Love ♡ km[2],adv,7
2042,Love ♡ km[2],ext,9.4
2043,龍と少女とデコヒーレンス,bsc,4
2044,龍と少女とデコヒーレンス,adv,8
2045,龍と少女とデコヒーレンス,ext,10.5
2046,霖が哭く,bsc,6
2047,霖が哭く,adv,9.6
2048,霖が哭く,ext,10.5
2049,Rock The Club,bsc,4
2050,Rock The Club,adv,8
2051,Rock The Club,ext,9.4
2052,robin[2],bsc,4
2053,robin[2],adv,6
2054,robin[2],ext,9.2
2055,Ark,bsc,3
2056,Ark,adv,6
2057,Ark,ext,9.8
2058,aleatrik,bsc,3
2059,aleatrik,adv,6
2060,aleatrik,ext,8
2061,アキネイション,bsc,4
2062,アキネイション,adv,8
2063,アキネイション,ext,10.0
2064,Against the vulgar aggressor,bsc,3
2065,Against the vulgar aggressor,adv,6
2066,Against the vulgar aggressor,ext,10.4
2067,Invisible Border,bsc,4
2068,Invisible Border,adv,6
2069,Invisible Border,ext,9.8
2070,veRtrageS,bsc,6
2071,veRtrageS,adv,9.4
2072,veRtrageS,ext,10.7
2073,Valanga,bsc,6
2074,Valanga,adv,9.1
2075,Valanga,ext,10.5
2076,Windy Fairy[2],bsc,4
2077,Windy Fairy[2],adv,7
2078,Windy Fairy[2],ext,9.3
2079,UROBOROS OVERDIVE,bsc,3
2080,UROBOROS OVERDIVE,adv,7
2081,UROBOROS OVERDIVE,ext,9.3
2082,枝に結ぶ願い[2],bsc,4
2083,枝に結ぶ願い[2],adv,7
2084,枝に結ぶ願い[2],ext,9.5
2085,Entrapment,bsc,4
2086,Entrapment,adv,8
2087,Entrapment,ext,9.4
2088,CARNIVOROUS,bsc,2
2089,CARNIVOROUS,adv,6
2090,CARNIVOROUS,ext,8
2091,怪盗BisCoの予告状！！,bsc,2
2092,怪盗BisCoの予告状！！,adv,7
2093,怪盗BisCoの予告状！！,ext,9.2
2094,KAMAITACHI,bsc,5
2095,KAMAITACHI,adv,9.7
2096,KAMAITACHI,ext,10.7
2097,キミとワタシのオンガク,bsc,3
2098,キミとワタシのオンガク,adv,7
2099,キミとワタシのオンガク,ext,8
2100,Qubellic Prism,bsc,3
2101,Qubellic Prism,adv,7
2102,Qubellic Prism,ext,9.7
2103,Glitter Flatter Scatter,bsc,6
2104,Glitter Flatter Scatter,adv,9.3
2105,Glitter Flatter Scatter,ext,10.7
2106,crêpe suzette,bsc,4
2107,crêpe suzette,adv,8
2108,crêpe suzette,ext,10.2
2109,檄,bsc,3
2110,檄,adv,8
2111,檄,ext,10.5
2112,ケンぱ！ケンぱ！拳拳ぱん打！,bsc,3
2113,ケンぱ！ケンぱ！拳拳ぱん打！,adv,5
2114,ケンぱ！ケンぱ！拳拳ぱん打！,ext,8
2115,Cosminflation,bsc,5
2116,Cosminflation,adv,7
2117,Cosminflation,ext,10.3
2118,CIRCUS U CRIC,bsc,4
2119,CIRCUS U CRIC,adv,7
2120,CIRCUS U CRIC,ext,8
2121,Saturday Night Love,bsc,2
2122,Saturday Night Love,adv,5
2123,Saturday Night Love,ext,7
2124,The Omen,bsc,5
2125,The Omen,adv,8
2126,The Omen,ext,10.4
2127,Just a Game,bsc,3
2128,Just a Game,adv,7
2129,Just a Game,ext,9.4
2130,スカイダイバー,bsc,3
2131,スカイダイバー,adv,6
2132,スカイダイバー,ext,8
2133,Sky High,bsc,4
2134,Sky High,adv,10.6
2135,Sky High,ext,10.6
2136,SPACE VILLAGE,bsc,3
2137,SPACE VILLAGE,adv,7
2138,SPACE VILLAGE,ext,9.4
2139,それは花火のような恋,bsc,3
2140,それは花火のような恋,adv,7
2141,それは花火のような恋,ext,9.3
2142,旅の終わりと祝祭の夜,bsc,5
2143,旅の終わりと祝祭の夜,adv,8
2144,旅の終わりと祝祭の夜,ext,10.3
2145,CHERNOBOG,bsc,5
2146,CHERNOBOG,adv,9.6
2147,CHERNOBOG,ext,10.7
2148,Destiny lovers,bsc,3
2149,Destiny lovers,adv,6
2150,Destiny lovers,ext,9.4
2151,天嘩乱舞,bsc,3
2152,天嘩乱舞,adv,8
2153,天嘩乱舞,ext,10.0
2154,トキメキストリーム,bsc,4
2155,トキメキストリーム,adv,7
2156,トキメキストリーム,ext,9.6
2157,NISHIMURA -祭- CARNIVAL,bsc,3
2158,NISHIMURA -祭- CARNIVAL,adv,7
2159,NISHIMURA -祭- CARNIVAL,ext,8
2160,にゃんのパレードマーチ♪,bsc,3
2161,にゃんのパレードマーチ♪,adv,6
2162,にゃんのパレードマーチ♪,ext,8
2163,New York EVOLVED,bsc,4
2164,New York EVOLVED,adv,9.4
2165,New York EVOLVED,ext,10.5
2166,Knell,bsc,4
2167,Knell,adv,7
2168,Knell,ext,9.5
2169,爆なな☆てすとロイヤー,bsc,5
2170,爆なな☆てすとロイヤー,adv,9.1
2171,爆なな☆てすとロイヤー,ext,10.0
2172,Hunny Bunny,bsc,4
2173,Hunny Bunny,adv,7
2174,Hunny Bunny,ext,9.4
2175,バビロニアの旅人たち,bsc,3
2176,バビロニアの旅人たち,adv,6
2177,バビロニアの旅人たち,ext,9.0
2178,Hollywood Galaxy,bsc,5
2179,Hollywood Galaxy,adv,8
2180,Hollywood Galaxy,ext,10.3
2181,ぱんだしんけん１、２、３ ～ちえ！おっしょさんにはかなわないや！～,bsc,2
2182,ぱんだしんけん１、２、３ ～ちえ！おっしょさんにはかなわないや！～,adv,5
2183,ぱんだしんけん１、２、３ ～ちえ！おっしょさんにはかなわないや！～,ext,8
2184,びいすと！,bsc,4
2185,びいすと！,adv,7
2186,びいすと！,ext,10.0
2187,秘密がーる♡乙女,bsc,3
2188,秘密がーる♡乙女,adv,6
2189,秘密がーる♡乙女,ext,8
2190,Four Leaves,bsc,4
2191,Four Leaves,adv,7
2192,Four Leaves,ext,8
2193,不可説不可説転,bsc,5
2194,不可説不可説転,adv,8
2195,不可説不可説転,ext,9.8
2196,FUJIMORI -祭- FESTIVAL,bsc,3
2197,FUJIMORI -祭- FESTIVAL,adv,6
2198,FUJIMORI -祭- FESTIVAL,ext,9.1
2199,BLACK or WHITE?,bsc,4
2200,BLACK or WHITE?,adv,9.1
2201,BLACK or WHITE?,ext,10.5
2202,Bleep Beep Bop,bsc,3
2203,Bleep Beep Bop,adv,7
2204,Bleep Beep Bop,ext,10.2
2205,FLOOR INFECTION Medley from SOUND VOLTEX×jubeat,bsc,6
2206,FLOOR INFECTION Medley from SOUND VOLTEX×jubeat,adv,8
2207,FLOOR INFECTION Medley from SOUND VOLTEX×jubeat,ext,10.2
2208,Boss Rush,bsc,4
2209,Boss Rush,adv,7
2210,Boss Rush,ext,9.6
2211,POLICY BREAK Medley from SOUND VOLTEX×jubeat,bsc,5
2212,POLICY BREAK Medley from SOUND VOLTEX×jubeat,adv,8
2213,POLICY BREAK Medley from SOUND VOLTEX×jubeat,ext,10.6
2214,見習い天使と星降りの丘,bsc,3
2215,見習い天使と星降りの丘,adv,8
2216,見習い天使と星降りの丘,ext,9.7
2217,Mirage of the Mirror,bsc,5
2218,Mirage of the Mirror,adv,8
2219,Mirage of the Mirror,ext,9.6
2220,夢有,bsc,3
2221,夢有,adv,6
2222,夢有,ext,8
2223,Megalara Garuda,bsc,10.4
2224,Megalara Garuda,adv,10.5
2225,Megalara Garuda,ext,10.7
2226,RHYZING BEAT,bsc,5
2227,RHYZING BEAT,adv,8
2228,RHYZING BEAT,ext,10.4
2229,Lost wing at.0,bsc,4
2230,Lost wing at.0,adv,8
2231,Lost wing at.0,ext,9.3
2232,ロプノールの商隊,bsc,3
2233,ロプノールの商隊,adv,7
2234,ロプノールの商隊,ext,9.6
2235,分けるな危険！モモモモモモーイズム,bsc,4
2236,分けるな危険！モモモモモモーイズム,adv,8
2237,分けるな危険！モモモモモモーイズム,ext,9.6
2238,Ausretious#1-まどろみ、或いは嘆色の夢-[2],bsc,5
2239,Ausretious#1-まどろみ、或いは嘆色の夢-[2],adv,8
2240,Ausretious#1-まどろみ、或いは嘆色の夢-[2],ext,10.6
2241,アガット[2],bsc,5
2242,アガット[2],adv,8
2243,アガット[2],ext,10.6
2244,アドレナリン,bsc,4
2245,アドレナリン,adv,8
2246,アドレナリン,ext,9.8
2247,EXUSIA,bsc,4
2248,EXUSIA,adv,8
2249,EXUSIA,ext,10.4
2250,イ号零型[2],bsc,3
2251,イ号零型[2],adv,7
2252,イ号零型[2],ext,9.8
2253,If,bsc,3
2254,If,adv,7
2255,If,ext,9.8
2256,In The Ruins,bsc,5
2257,In The Ruins,adv,8
2258,In The Ruins,ext,10.2
2259,Welcome!!,bsc,3
2260,Welcome!!,adv,7
2261,Welcome!!,ext,9.6
2262,Aerial Skydive,bsc,3
2263,Aerial Skydive,adv,7
2264,Aerial Skydive,ext,9.0
2265,AI,bsc,5
2266,AI,adv,8
2267,AI,ext,10.5
2268,Evans ～NOSTALGIA Ver. ～,bsc,4
2269,Evans ～NOSTALGIA Ver. ～,adv,7
2270,Evans ～NOSTALGIA Ver. ～,ext,9.7
2271,Everybody's Rich,bsc,5
2272,Everybody's Rich,adv,8
2273,Everybody's Rich,ext,10.6
2274,エレシュキガル,bsc,3
2275,エレシュキガル,adv,6
2276,エレシュキガル,ext,9.6
2277,カラルの月[2],bsc,4
2278,カラルの月[2],adv,7
2279,カラルの月[2],ext,9.3
2280,変わりゆく時間とノスタルジアと,bsc,2
2281,変わりゆく時間とノスタルジアと,adv,5
2282,変わりゆく時間とノスタルジアと,ext,8
2283,CandyPop★Showcase,bsc,4
2284,CandyPop★Showcase,adv,6
2285,CandyPop★Showcase,ext,8
2286,狂髪天を撫でて綴れ雲の綻び　五体北風に散りて痕も無し,bsc,4
2287,狂髪天を撫でて綴れ雲の綻び　五体北風に散りて痕も無し,adv,8
2288,狂髪天を撫でて綴れ雲の綻び　五体北風に散りて痕も無し,ext,9.8
2289,Couleur=Blanche,bsc,6
2290,Couleur=Blanche,adv,10.3
2291,Couleur=Blanche,ext,10.6
2292,Xibercannon,bsc,5
2293,Xibercannon,adv,8
2294,Xibercannon,ext,10.0
2295,SEED[2],bsc,4
2296,SEED[2],adv,8
2297,SEED[2],ext,9.7
2298,Shout!!,bsc,2
2299,Shout!!,adv,5
2300,Shout!!,ext,8
2301,Jazz is Rad,bsc,6
2302,Jazz is Rad,adv,9.3
2303,Jazz is Rad,ext,10.5
2304,白い雪のプリンセスは[2],bsc,4
2305,白い雪のプリンセスは[2],adv,6
2306,白い雪のプリンセスは[2],ext,9.5
2307,Singularity,bsc,4
2308,Singularity,adv,8
2309,Singularity,ext,10.5
2310,水槽のクジラ,bsc,3
2311,水槽のクジラ,adv,7
2312,水槽のクジラ,ext,9.1
2313,SUPER SUMMER SALE,bsc,5
2314,SUPER SUMMER SALE,adv,7
2315,SUPER SUMMER SALE,ext,9.4
2316,Scars of FAUNA[2],bsc,3
2317,Scars of FAUNA[2],adv,6
2318,Scars of FAUNA[2],ext,10.1
2319,STAR SHIP☆HERO,bsc,3
2320,STAR SHIP☆HERO,adv,6
2321,STAR SHIP☆HERO,ext,9.0
2322,Spirit of the Beast,bsc,5
2323,Spirit of the Beast,adv,8
2324,Spirit of the Beast,ext,10.6
2325,smooooch・∀・[2],bsc,3
2326,smooooch・∀・[2],adv,8
2327,smooooch・∀・[2],ext,10.1
2328,Diastrophism,bsc,9.4
2329,Diastrophism,adv,9.6
2330,Diastrophism,ext,10.3
2331,chaplet[2],bsc,4
2332,chaplet[2],adv,8
2333,chaplet[2],ext,10.3
2334,Chocolate Planet,bsc,4
2335,Chocolate Planet,adv,7
2336,Chocolate Planet,ext,9.8
2337,月に叢雲華に風[2],bsc,3
2338,月に叢雲華に風[2],adv,6
2339,月に叢雲華に風[2],ext,8
2340,トキメキメカニクス,bsc,3
2341,トキメキメカニクス,adv,7
2342,トキメキメカニクス,ext,10.0
2343,虹の先に何があるか,bsc,4
2344,虹の先に何があるか,adv,7
2345,虹の先に何があるか,ext,9.6
2346,Necroxis Girl,bsc,4
2347,Necroxis Girl,adv,8
2348,Necroxis Girl,ext,10.6
2349,Never See You Again,bsc,5
2350,Never See You Again,adv,8
2351,Never See You Again,ext,10.6
2352,Northern Wind,bsc,5
2353,Northern Wind,adv,7
2354,Northern Wind,ext,10.5
2355,No One Can Reach The Truth,bsc,3
2356,No One Can Reach The Truth,adv,6
2357,No One Can Reach The Truth,ext,8
2358,Passion,bsc,5
2359,Passion,adv,8
2360,Passion,ext,9.7
2361,パピポペピプペパ,bsc,5
2362,パピポペピプペパ,adv,9.0
2363,パピポペピプペパ,ext,10.5
2364,Pee-wee Boogie,bsc,5
2365,Pee-wee Boogie,adv,7
2366,Pee-wee Boogie,ext,9.8
2367,PF flowing,bsc,4
2368,PF flowing,adv,8
2369,PF flowing,ext,10.2
2370,Puberty Dysthymia,bsc,4
2371,Puberty Dysthymia,adv,7
2372,Puberty Dysthymia,ext,10.5
2373,Pink Rose[2],bsc,3
2374,Pink Rose[2],adv,6
2375,Pink Rose[2],ext,9.0
2376,Fairy Fair,bsc,4
2377,Fairy Fair,adv,7
2378,Fairy Fair,ext,9.7
2379,Fox4-Raize-,bsc,3
2380,Fox4-Raize-,adv,8
2381,Fox4-Raize-,ext,9.9
2382,Blue Sky,bsc,4
2383,Blue Sky,adv,8
2384,Blue Sky,ext,10.2
2385,Prey,bsc,6
2386,Prey,adv,9.2
2387,Prey,ext,10.6
2388,Prayer,bsc,5
2389,Prayer,adv,8
2390,Prayer,ext,10.8
2391,Pale Garden,bsc,4
2392,Pale Garden,adv,7
2393,Pale Garden,ext,9.8
2394,HEAVENLY MOON[2],bsc,5
2395,HEAVENLY MOON[2],adv,8
2396,HEAVENLY MOON[2],ext,10.2
2397,ヘンゼルとグレーテル,bsc,4
2398,ヘンゼルとグレーテル,adv,8
2399,ヘンゼルとグレーテル,ext,10.3
2400,みたらしプラトニック (feat. nicamoq),bsc,3
2401,みたらしプラトニック (feat. nicamoq),adv,7
2402,みたらしプラトニック (feat. nicamoq),ext,9.0
2403,Midnight City Warfare,bsc,6
2404,Midnight City Warfare,adv,9.2
2405,Midnight City Warfare,ext,10.6
2406,ヤマトなでなで♡かぐや姫,bsc,4
2407,ヤマトなでなで♡かぐや姫,adv,7
2408,ヤマトなでなで♡かぐや姫,ext,9.5
2409,Life is beautiful,bsc,4
2410,Life is beautiful,adv,8
2411,Life is beautiful,ext,10.2
2412,Last Dress,bsc,4
2413,Last Dress,adv,9.1
2414,Last Dress,ext,10.7
2415,Rampage☆Rag,bsc,6
2416,Rampage☆Rag,adv,8
2417,Rampage☆Rag,ext,10.5
2418,Rejoin,bsc,6
2419,Rejoin,adv,10.1
2420,Rejoin,ext,10.2
2421,Roll the Dice,bsc,5
2422,Roll the Dice,adv,9.1
2423,Roll the Dice,ext,10.6
2424,Wowie Zowie!,bsc,5
2425,Wowie Zowie!,adv,9.8
2426,Wowie Zowie!,ext,10.7
2427,Wandering Gravity,bsc,4
2428,Wandering Gravity,adv,8
2429,Wandering Gravity,ext,10.4
2430,One More Reason,bsc,5
2431,One More Reason,adv,8
2432,One More Reason,ext,10.6
2433,Icicles[2],bsc,4
2434,Icicles[2],adv,7
2435,Icicles[2],ext,9.3
2436,I'm so Happy[2],bsc,4
2437,I'm so Happy[2],adv,7
2438,I'm so Happy[2],ext,10.1
2439,ATRAX,bsc,2
2440,ATRAX,adv,7
2441,ATRAX,ext,9.6
2442,Analyse Katharsis,bsc,4
2443,Analyse Katharsis,adv,7
2444,Analyse Katharsis,ext,9.6
2445,Apex of the World,bsc,3
2446,Apex of the World,adv,6
2447,Apex of the World,ext,9.2
2448,雨上がりの空に,bsc,5
2449,雨上がりの空に,adv,9.7
2450,雨上がりの空に,ext,10.5
2451,アモ,bsc,3
2452,アモ,adv,5
2453,アモ,ext,9.1
2454,Arena Deiporta,bsc,4
2455,Arena Deiporta,adv,7
2456,Arena Deiporta,ext,10.4
2457,Our Faith[2],bsc,4
2458,Our Faith[2],adv,9.2
2459,Our Faith[2],ext,10.6
2460,Our Love,bsc,3
2461,Our Love,adv,6
2462,Our Love,ext,10.2
2463,Underground Astronomy,bsc,3
2464,Underground Astronomy,adv,6
2465,Underground Astronomy,ext,9.8
2466,いーあるふぁんくらぶ[2],bsc,2
2467,いーあるふぁんくらぶ[2],adv,6
2468,いーあるふぁんくらぶ[2],ext,8
2469,1116,bsc,7
2470,1116,adv,10.2
2471,1116,ext,10.9
2472,鋳鉄の檻,bsc,4
2473,鋳鉄の檻,adv,7
2474,鋳鉄の檻,ext,9.2
2475,Idola (BEMANI SYMPHONY Arr.),bsc,3
2476,Idola (BEMANI SYMPHONY Arr.),adv,8
2477,Idola (BEMANI SYMPHONY Arr.),ext,9.7
2478,インドがパッカーン！！煩悩マハラジャドリーム,bsc,3
2479,インドがパッカーン！！煩悩マハラジャドリーム,adv,7
2480,インドがパッカーン！！煩悩マハラジャドリーム,ext,10.3
2481,Virtual Bit,bsc,3
2482,Virtual Bit,adv,7
2483,Virtual Bit,ext,10.3
2484,VIKING SHIP,bsc,3
2485,VIKING SHIP,adv,7
2486,VIKING SHIP,ext,9.7
2487,VALLIS-NERIA[2],bsc,5
2488,VALLIS-NERIA[2],adv,8
2489,VALLIS-NERIA[2],ext,10.4
2490,Welcome to the Mosh Pit,bsc,5
2491,Welcome to the Mosh Pit,adv,9.6
2492,Welcome to the Mosh Pit,ext,10.6
2493,WELCOME TO MOTOWN PARK,bsc,5
2494,WELCOME TO MOTOWN PARK,adv,7
2495,WELCOME TO MOTOWN PARK,ext,9.8
2496,ETERNAL BLAZE[2],bsc,3
2497,ETERNAL BLAZE[2],adv,6
2498,ETERNAL BLAZE[2],ext,8
2499,X-Plan,bsc,2
2500,X-Plan,adv,7
2501,X-Plan,ext,9.0
2502,Everlasting Message (BEMANI SYMPHONY Arr.),bsc,5
2503,Everlasting Message (BEMANI SYMPHONY Arr.),adv,8
2504,Everlasting Message (BEMANI SYMPHONY Arr.),ext,10.1
2505,EMOTiON TRiPPER,bsc,3
2506,EMOTiON TRiPPER,adv,6
2507,EMOTiON TRiPPER,ext,8
2508,Element of SPADA (BEMANI SYMPHONY Arr.),bsc,4
2509,Element of SPADA (BEMANI SYMPHONY Arr.),adv,7
2510,Element of SPADA (BEMANI SYMPHONY Arr.),ext,9.1
2511,All Clear!!,bsc,4
2512,All Clear!!,adv,8
2513,All Clear!!,ext,10.4
2514,ALL MY HEART -この恋に、わたしの全てを賭ける-[2],bsc,3
2515,ALL MY HEART -この恋に、わたしの全てを賭ける-[2],adv,7
2516,ALL MY HEART -この恋に、わたしの全てを賭ける-[2],ext,9.2
2517,朧 (BEMANI SYMPHONY Arr.),bsc,3
2518,朧 (BEMANI SYMPHONY Arr.),adv,6
2519,朧 (BEMANI SYMPHONY Arr.),ext,9.8
2520,Catapulted Arch,bsc,4
2521,Catapulted Arch,adv,7
2522,Catapulted Arch,ext,10.3
2523,[E][2],bsc,4
2524,[E][2],adv,7
2525,[E][2],ext,9.7
2526,Come to Life,bsc,3
2527,Come to Life,adv,8
2528,Come to Life,ext,9.8
2529,Colorful Cookie (BEMANI SYMPHONY Arr.),bsc,4
2530,Colorful Cookie (BEMANI SYMPHONY Arr.),adv,8
2531,Colorful Cookie (BEMANI SYMPHONY Arr.),ext,9.6
2532,眼光[2],bsc,2
2533,眼光[2],adv,7
2534,眼光[2],ext,9.1
2535,Catch Me,bsc,2
2536,Catch Me,adv,6
2537,Catch Me,ext,9.0
2538,キヤロラ衛星の軌跡,bsc,4
2539,キヤロラ衛星の軌跡,adv,7
2540,キヤロラ衛星の軌跡,ext,10.4
2541,狂水一華,bsc,3
2542,狂水一華,adv,8
2543,狂水一華,ext,10.2
2544,Queen's Paradise[2],bsc,4
2545,Queen's Paradise[2],adv,6
2546,Queen's Paradise[2],ext,9.2
2547,Glitter Cube,bsc,3
2548,Glitter Cube,adv,7
2549,Glitter Cube,ext,10.2
2550,Crazy Shuffle,bsc,4
2551,Crazy Shuffle,adv,8
2552,Crazy Shuffle,ext,10.5
2553,Globe Glitter,bsc,5
2554,Globe Glitter,adv,8
2555,Globe Glitter,ext,10.4
2556,cloche[2],bsc,3
2557,cloche[2],adv,6
2558,cloche[2],ext,8
2559,Chronos[2],bsc,5
2560,Chronos[2],adv,8
2561,Chronos[2],ext,9.7
2562,激闘保安官！DEMPA撲滅大作戦,bsc,3
2563,激闘保安官！DEMPA撲滅大作戦,adv,6
2564,激闘保安官！DEMPA撲滅大作戦,ext,9.5
2565,Get On The Floor,bsc,3
2566,Get On The Floor,adv,7
2567,Get On The Floor,ext,10.0
2568,恋歌疾風！かるたクイーンいろは,bsc,3
2569,恋歌疾風！かるたクイーンいろは,adv,7
2570,恋歌疾風！かるたクイーンいろは,ext,10.2
2571,恋 No リセットゲーム!!!!!,bsc,4
2572,恋 No リセットゲーム!!!!!,adv,9.1
2573,恋 No リセットゲーム!!!!!,ext,10.4
2574,Ghost Clock,bsc,5
2575,Ghost Clock,adv,8
2576,Ghost Clock,ext,10.5
2577,虚空と光明のディスクール[2],bsc,2
2578,虚空と光明のディスクール[2],adv,6
2579,虚空と光明のディスクール[2],ext,8
2580,COSMIC SYMPHONY,bsc,3
2581,COSMIC SYMPHONY,adv,7
2582,COSMIC SYMPHONY,ext,10.3
2583,Sakura Sunrise[2],bsc,5
2584,Sakura Sunrise[2],adv,8
2585,Sakura Sunrise[2],ext,9.5
2586,The Kingsroad,bsc,3
2587,The Kingsroad,adv,7
2588,The Kingsroad,ext,9.5
2589,さよなら世界 (BEMANI SYMPHONY Arr.),bsc,2
2590,さよなら世界 (BEMANI SYMPHONY Arr.),adv,6
2591,さよなら世界 (BEMANI SYMPHONY Arr.),ext,9.2
2592,サヨナラ・ヘヴン[2],bsc,3
2593,サヨナラ・ヘヴン[2],adv,8
2594,サヨナラ・ヘヴン[2],ext,10.4
2595,サヨナラ・ヘヴン (BEMANI SYMPHONY Arr.),bsc,3
2596,サヨナラ・ヘヴン (BEMANI SYMPHONY Arr.),adv,7
2597,サヨナラ・ヘヴン (BEMANI SYMPHONY Arr.),ext,9.3
2598,Jetcoaster Windy,bsc,4
2599,Jetcoaster Windy,adv,7
2600,Jetcoaster Windy,ext,9.7
2601,SigSig[2],bsc,3
2602,SigSig[2],adv,7
2603,SigSig[2],ext,9.6
2604,灼熱Beach Side Bunny,bsc,6
2605,灼熱Beach Side Bunny,adv,9.6
2606,灼熱Beach Side Bunny,ext,10.7
2607,Juicy,bsc,3
2608,Juicy,adv,5
2609,Juicy,ext,8
2610,少女、摩天楼へ,bsc,3
2611,少女、摩天楼へ,adv,8
2612,少女、摩天楼へ,ext,10.3
2613,情熱大陸[2],bsc,4
2614,情熱大陸[2],adv,8
2615,情熱大陸[2],ext,9.5
2616,Super GERO GE-RO,bsc,5
2617,Super GERO GE-RO,adv,7
2618,Super GERO GE-RO,ext,10.6
2619,スーパー戦湯ババンバーン,bsc,4
2620,スーパー戦湯ババンバーン,adv,8
2621,スーパー戦湯ババンバーン,ext,10.3
2622,Scarlet Moon[2],bsc,3
2623,Scarlet Moon[2],adv,7
2624,Scarlet Moon[2],ext,9.5
2625,StaRgAZER,bsc,3
2626,StaRgAZER,adv,8
2627,StaRgAZER,ext,10.0
2628,starmine (BEMANI SYMPHONY Arr.),bsc,4
2629,starmine (BEMANI SYMPHONY Arr.),adv,7
2630,starmine (BEMANI SYMPHONY Arr.),ext,9.3
2631,Still Lonesome,bsc,4
2632,Still Lonesome,adv,7
2633,Still Lonesome,ext,9.9
2634,Snow Goose[2],bsc,4
2635,Snow Goose[2],adv,7
2636,Snow Goose[2],ext,10.4
2637,スノーホワイト,bsc,5
2638,スノーホワイト,adv,7
2639,スノーホワイト,ext,10.4
2640,Sparkle Smilin',bsc,3
2641,Sparkle Smilin',adv,7
2642,Sparkle Smilin',ext,10.3
2643,Spica,bsc,3
2644,Spica,adv,7
2645,Spica,ext,10.2
2646,splash!,bsc,4
2647,splash!,adv,7
2648,splash!,ext,10.5
2649,SPACE INASAKU,bsc,3
2650,SPACE INASAKU,adv,7
2651,SPACE INASAKU,ext,10.4
2652,スペースカーニバル[2],bsc,4
2653,スペースカーニバル[2],adv,6
2654,スペースカーニバル[2],ext,9.1
2655,XENOViA,bsc,7
2656,XENOViA,adv,10.2
2657,XENOViA,ext,10.9
2658,zeeros,bsc,3
2659,zeeros,adv,6
2660,zeeros,ext,9.8
2661,創世ノート[2],bsc,4
2662,創世ノート[2],adv,8
2663,創世ノート[2],ext,10.4
2664,sola[2],bsc,3
2665,sola[2],adv,6
2666,sola[2],ext,10.4
2667,Sorrows,bsc,3
2668,Sorrows,adv,6
2669,Sorrows,ext,8
2670,Timepiece phase II (BEMANI SYMPHONY Arr.),bsc,3
2671,Timepiece phase II (BEMANI SYMPHONY Arr.),adv,8
2672,Timepiece phase II (BEMANI SYMPHONY Arr.),ext,9.6
2673,太陽の滴,bsc,3
2674,太陽の滴,adv,7
2675,太陽の滴,ext,9.7
2676,Chippin Break,bsc,4
2677,Chippin Break,adv,8
2678,Chippin Break,ext,9.3
2679,茶渋シンドローム,bsc,2
2680,茶渋シンドローム,adv,6
2681,茶渋シンドローム,ext,9.0
2682,チュッチュ♪マチュピチュ,bsc,3
2683,チュッチュ♪マチュピチュ,adv,7
2684,チュッチュ♪マチュピチュ,ext,9.8
2685,追憶のアラウカリア,bsc,4
2686,追憶のアラウカリア,adv,7
2687,追憶のアラウカリア,ext,9.7
2688,ツーマンライブ[2],bsc,2
2689,ツーマンライブ[2],adv,6
2690,ツーマンライブ[2],ext,8
2691,つぼみ[2],bsc,3
2692,つぼみ[2],adv,6
2693,つぼみ[2],ext,9.1
2694,December in Strasbourg,bsc,3
2695,December in Strasbourg,adv,7
2696,December in Strasbourg,ext,10.2
2697,Din Don Dan,bsc,3
2698,Din Don Dan,adv,7
2699,Din Don Dan,ext,9.1
2700,Duality,bsc,6
2701,Duality,adv,9.3
2702,Duality,ext,10.8
2703,DUAL STRIKER,bsc,4
2704,DUAL STRIKER,adv,7
2705,DUAL STRIKER,ext,10.4
2706,天空の夜明け (BEMANI SYMPHONY Arr.),bsc,3
2707,天空の夜明け (BEMANI SYMPHONY Arr.),adv,6
2708,天空の夜明け (BEMANI SYMPHONY Arr.),ext,9.1
2709,Toy Robot Factory,bsc,4
2710,Toy Robot Factory,adv,7
2711,Toy Robot Factory,ext,9.8
2712,TOON MANIAC,bsc,2
2713,TOON MANIAC,adv,7
2714,TOON MANIAC,ext,9.0
2715,True Blue[2],bsc,5
2716,True Blue[2],adv,8
2717,True Blue[2],ext,10.5
2718,Dream drip macchiato,bsc,5
2719,Dream drip macchiato,adv,7
2720,Dream drip macchiato,ext,9.4
2721,TRIUMPH,bsc,3
2722,TRIUMPH,adv,8
2723,TRIUMPH,ext,9.8
2724,取り残された美術(Arranged:HiZuMi)[2],bsc,4
2725,取り残された美術(Arranged:HiZuMi)[2],adv,7
2726,取り残された美術(Arranged:HiZuMi)[2],ext,9.3
2727,嘆きの樹 (BEMANI SYMPHONY Arr.),bsc,5
2728,嘆きの樹 (BEMANI SYMPHONY Arr.),adv,8
2729,嘆きの樹 (BEMANI SYMPHONY Arr.),ext,9.7
2730,Neuron,bsc,4
2731,Neuron,adv,8
2732,Neuron,ext,10.1
2733,Noob実況24時!,bsc,3
2734,Noob実況24時!,adv,6
2735,Noob実況24時!,ext,9.7
2736,ネリと琥珀糖,bsc,4
2737,ネリと琥珀糖,adv,8
2738,ネリと琥珀糖,ext,10.3
2739,No Rule Adventure,bsc,4
2740,No Rule Adventure,adv,7
2741,No Rule Adventure,ext,10.3
2742,Hades Doll,bsc,4
2743,Hades Doll,adv,8
2744,Hades Doll,ext,10.6
2745,Pacify,bsc,4
2746,Pacify,adv,8
2747,Pacify,ext,10.1
2748,バッドエンド・シンドローム (BEMANI SYMPHONY Arr.),bsc,2
2749,バッドエンド・シンドローム (BEMANI SYMPHONY Arr.),adv,7
2750,バッドエンド・シンドローム (BEMANI SYMPHONY Arr.),ext,9.3
2751,ピアノ独奏無言歌 ”灰燼”,bsc,5
2752,ピアノ独奏無言歌 ”灰燼”,adv,8
2753,ピアノ独奏無言歌 ”灰燼”,ext,10.7
2754,BEEF,bsc,1
2755,BEEF,adv,7
2756,BEEF,ext,10.5
2757,Hero Revealed,bsc,6
2758,Hero Revealed,adv,8
2759,Hero Revealed,ext,10.6
2760,ピザが食べたくてしょうがない皆さんの気持ちを代弁しました,bsc,3
2761,ピザが食べたくてしょうがない皆さんの気持ちを代弁しました,adv,7
2762,ピザが食べたくてしょうがない皆さんの気持ちを代弁しました,ext,10.4
2763,Beyond the BLUE,bsc,2
2764,Beyond the BLUE,adv,6
2765,Beyond the BLUE,ext,10.4
2766,Fireball,bsc,4
2767,Fireball,adv,8
2768,Fireball,ext,10.2
2769,Phantasmagoria,bsc,3
2770,Phantasmagoria,adv,6
2771,Phantasmagoria,ext,9.3
2772,Boomy and The Boost,bsc,4
2773,Boomy and The Boost,adv,8
2774,Boomy and The Boost,ext,10.7
2775,FLOWER (BEMANI SYMPHONY Arr.),bsc,5
2776,FLOWER (BEMANI SYMPHONY Arr.),adv,9.1
2777,FLOWER (BEMANI SYMPHONY Arr.),ext,10.5
2778,Proof of the existence[2],bsc,5
2779,Proof of the existence[2],adv,8
2780,Proof of the existence[2],ext,10.5
2781,Brawl,bsc,4
2782,Brawl,adv,6
2783,Brawl,ext,9.6
2784,Floating Eternity,bsc,3
2785,Floating Eternity,adv,6
2786,Floating Eternity,ext,10.2
2787,Pegasus,bsc,4
2788,Pegasus,adv,7
2789,Pegasus,ext,10.1
2790,pedigree,bsc,6
2791,pedigree,adv,9.6
2792,pedigree,ext,10.7
2793,Hopeful Frontier!!!,bsc,7
2794,Hopeful Frontier!!!,adv,9.5
2795,Hopeful Frontier!!!,ext,10.7
2796,僕らの時間,bsc,3
2797,僕らの時間,adv,8
2798,僕らの時間,ext,10.0
2799,星の小舟,bsc,3
2800,星の小舟,adv,6
2801,星の小舟,ext,9.7
2802,POSSESSION (BEMANI SYMPHONY Arr.),bsc,6
2803,POSSESSION (BEMANI SYMPHONY Arr.),adv,8
2804,POSSESSION (BEMANI SYMPHONY Arr.),ext,10.2
2805,HOT LIMIT[2],bsc,3
2806,HOT LIMIT[2],adv,6
2807,HOT LIMIT[2],ext,8
2808,Polaris[2],bsc,4
2809,Polaris[2],adv,6
2810,Polaris[2],ext,9.0
2811,MA・TSU・RI,bsc,3
2812,MA・TSU・RI,adv,6
2813,MA・TSU・RI,ext,9.0
2814,Midsummer Madness,bsc,3
2815,Midsummer Madness,adv,6
2816,Midsummer Madness,ext,10.1
2817,MOVE! (We Keep It Movin'),bsc,2
2818,MOVE! (We Keep It Movin'),adv,6
2819,MOVE! (We Keep It Movin'),ext,9.6
2820,斑咲花,bsc,4
2821,斑咲花,adv,6
2822,斑咲花,ext,9.3
2823,廻る季節のゆく先に,bsc,2
2824,廻る季節のゆく先に,adv,7
2825,廻る季節のゆく先に,ext,8
2826,Metsysralos,bsc,5
2827,Metsysralos,adv,8
2828,Metsysralos,ext,10.3
2829,MODEL FT2 Miracle Version,bsc,6
2830,MODEL FT2 Miracle Version,adv,9.5
2831,MODEL FT2 Miracle Version,ext,9.5
2832,unisonote[2],bsc,2
2833,unisonote[2],adv,6
2834,unisonote[2],ext,9.7
2835,ゆめのかなたで,bsc,4
2836,ゆめのかなたで,adv,7
2837,ゆめのかなたで,ext,10.6
2838,ユメブキ,bsc,3
2839,ユメブキ,adv,7
2840,ユメブキ,ext,10.2
2841,LIKE A VAMPIRE,bsc,3
2842,LIKE A VAMPIRE,adv,7
2843,LIKE A VAMPIRE,ext,9.2
2844,Light Shine,bsc,3
2845,Light Shine,adv,6
2846,Light Shine,ext,9.5
2847,Right Time Right Way,bsc,5
2848,Right Time Right Way,adv,7
2849,Right Time Right Way,ext,9.8
2850,Life Without You,bsc,4
2851,Life Without You,adv,7
2852,Life Without You,ext,10.1
2853,Life Connection[2],bsc,4
2854,Life Connection[2],adv,7
2855,Life Connection[2],ext,9.6
2856,Lachryma《Re:Queen’M》 (BEMANI SYMPHONY Arr.),bsc,6
2857,Lachryma《Re:Queen’M》 (BEMANI SYMPHONY Arr.),adv,8
2858,Lachryma《Re:Queen’M》 (BEMANI SYMPHONY Arr.),ext,10.3
2859,LAST OATH,bsc,3
2860,LAST OATH,adv,6
2861,LAST OATH,ext,10.6
2862,LANA - キロクノカケラ -[2],bsc,2
2863,LANA - キロクノカケラ -[2],adv,5
2864,LANA - キロクノカケラ -[2],ext,7
2865,Lava Flow,bsc,3
2866,Lava Flow,adv,7
2867,Lava Flow,ext,10.1
2868,Lava Flow[2],bsc,3
2869,Lava Flow[2],adv,7
2870,Lava Flow[2],ext,10.2
2871,Laughin' Muffin,bsc,3
2872,Laughin' Muffin,adv,7
2873,Laughin' Muffin,ext,10.2
2874,ラプンツェル,bsc,3
2875,ラプンツェル,adv,8
2876,ラプンツェル,ext,10.2
2877,リカーシブ・ファンクション,bsc,4
2878,リカーシブ・ファンクション,adv,7
2879,リカーシブ・ファンクション,ext,9.5
2880,Lisa-RICCIA (BEMANI SYMPHONY Arr.),bsc,5
2881,Lisa-RICCIA (BEMANI SYMPHONY Arr.),adv,8
2882,Lisa-RICCIA (BEMANI SYMPHONY Arr.),ext,10.2
2883,流砂の嵐 (BEMANI SYMPHONY Arr.),bsc,3
2884,流砂の嵐 (BEMANI SYMPHONY Arr.),adv,7
2885,流砂の嵐 (BEMANI SYMPHONY Arr.),ext,9.2
2886,リリーゼと炎龍レーヴァテイン,bsc,5
2887,リリーゼと炎龍レーヴァテイン,adv,9.5
2888,リリーゼと炎龍レーヴァテイン,ext,10.6
2889,RAISE YOUR HEADS UP,bsc,7
2890,RAISE YOUR HEADS UP,adv,9.7
2891,RAISE YOUR HEADS UP,ext,10.9
2892,Radius,bsc,4
2893,Radius,adv,7
2894,Radius,ext,9.7
2895,ロストワンの号哭[2],bsc,4
2896,ロストワンの号哭[2],adv,8
2897,ロストワンの号哭[2],ext,9.5
2898,ROCK ju,bsc,4
2899,ROCK ju,adv,7
2900,ROCK ju,ext,10.6
2901,ロミとロボの宇宙飛行,bsc,4
2902,ロミとロボの宇宙飛行,adv,7
2903,ロミとロボの宇宙飛行,ext,9.7
2904,Wuv U,bsc,4
2905,Wuv U,adv,7
2906,Wuv U,ext,10.0
2907,海神,bsc,5
2908,海神,adv,8
2909,海神,ext,10.4
2910,海神 (BEMANI SYMPHONY Arr.),bsc,2
2911,海神 (BEMANI SYMPHONY Arr.),adv,7
2912,海神 (BEMANI SYMPHONY Arr.),ext,10.0
2913,VOLAQUAS,bsc,7
2914,VOLAQUAS,adv,9.7
2915,VOLAQUAS,ext,10.6
2916,Dance With The Dead,bsc,5
2917,Dance With The Dead,adv,8
2918,Dance With The Dead,ext,10.6
2919,Daily Lunch Special[2],bsc,5
2920,Daily Lunch Special[2],adv,7
2921,Daily Lunch Special[2],ext,10.4
2922,パーフェクトイーター,bsc,4
2923,パーフェクトイーター,adv,7
2924,パーフェクトイーター,ext,9.7
2925,Metamorphic,bsc,5
2926,Metamorphic,adv,8
2927,Metamorphic,ext,10.3
2928,MONOLITH,bsc,2
2929,MONOLITH,adv,6
2930,MONOLITH,ext,10.3
2931,Love 2 Shuffle,bsc,3
2932,Love 2 Shuffle,adv,7
2933,Love 2 Shuffle,ext,9.5
2934,Explore Every Ave.,bsc,3
2935,Explore Every Ave.,adv,6
2936,Explore Every Ave.,ext,9.4
2937,Flying Soda,bsc,2
2938,Flying Soda,adv,6
2939,Flying Soda,ext,8
2940,Victory of the Century,bsc,5
2941,Victory of the Century,adv,8
2942,Victory of the Century,ext,10.4
2943,Reincarnation Of Dead Petal,bsc,3
2944,Reincarnation Of Dead Petal,adv,7
2945,Reincarnation Of Dead Petal,ext,10.4
2946,ZIGZAG COWBOY,bsc,3
2947,ZIGZAG COWBOY,adv,7
2948,ZIGZAG COWBOY,ext,9.8
2949,Mr.REAPER,bsc,4
2950,Mr.REAPER,adv,8
2951,Mr.REAPER,ext,9.1
2952,Cranberry,bsc,5
2953,Cranberry,adv,7
2954,Cranberry,ext,9.7
2955,Liar×Girl,bsc,3
2956,Liar×Girl,adv,7
2957,Liar×Girl,ext,10.3
2958,Elysion ex machina,bsc,5
2959,Elysion ex machina,adv,7
2960,Elysion ex machina,ext,10.3
2961,†渚のリベンジΣ脈あり!?バケェ～ション†,bsc,4
2962,†渚のリベンジΣ脈あり!?バケェ～ション†,adv,7
2963,†渚のリベンジΣ脈あり!?バケェ～ション†,ext,10.3
2964,Time Lapse,bsc,5
2965,Time Lapse,adv,7
2966,Time Lapse,ext,10.4
2967,brown hawk owl,bsc,4
2968,brown hawk owl,adv,7
2969,brown hawk owl,ext,10.5
2970,Lost Dream,bsc,7
2971,Lost Dream,adv,9.6
2972,Lost Dream,ext,10.7
2973,Crackpot Evangelist,bsc,7
2974,Crackpot Evangelist,adv,10.5
2975,Crackpot Evangelist,ext,10.9
2976,和beat,bsc,4
2977,和beat,adv,8
2978,和beat,ext,10.4
2979,見えない星の渡り方,bsc,3
2980,見えない星の渡り方,adv,7
2981,見えない星の渡り方,ext,9.7
2982,Anubis,bsc,5
2983,Anubis,adv,8
2984,Anubis,ext,10.5
2985,怪獣大戦争,bsc,3
2986,怪獣大戦争,adv,7
2987,怪獣大戦争,ext,9.6
2988,Fly Above,bsc,3
2989,Fly Above,adv,6
2990,Fly Above,ext,9.3
2991,Chewingood!!!,bsc,4
2992,Chewingood!!!,adv,7
2993,Chewingood!!!,ext,9.0
2994,Virus Funk,bsc,3
2995,Virus Funk,adv,6
2996,Virus Funk,ext,9.2
2997,Slipstream,bsc,5
2998,Slipstream,adv,9.6
2999,Slipstream,ext,10.3
3000,satfinal,bsc,3
3001,satfinal,adv,7
3002,satfinal,ext,9.2
3003,Don't believe the hype,bsc,4
3004,Don't believe the hype,adv,8
3005,Don't believe the hype,ext,10.3
3006,Go Beyond!!,bsc,5
3007,Go Beyond!!,adv,9.0
3008,Go Beyond!!,ext,10.4
3009,DIAMOND CROSSING,bsc,6
3010,DIAMOND CROSSING,adv,10.4
3011,DIAMOND CROSSING,ext,10.6
3012,After Rain,bsc,7
3013,After Rain,adv,9.0
3014,After Rain,ext,10.4
3015,manticore,bsc,4
3016,manticore,adv,7
3017,manticore,ext,10.5
3018,Reach The Sky,bsc,5
3019,Reach The Sky,adv,8
3020,Reach The Sky,ext,10.5
3021,シープドリーミン,bsc,4
3022,シープドリーミン,adv,7
3023,シープドリーミン,ext,9.0
3024,€omet popcorn,bsc,5
3025,€omet popcorn,adv,8
3026,€omet popcorn,ext,10.2
3027,archive::zip,bsc,5
3028,archive::zip,adv,7
3029,archive::zip,ext,10.2
3030,I,bsc,7
3031,I,adv,9.5
3032,I,ext,10.8
3033,Freeway Shuffle,bsc,3
3034,Freeway Shuffle,adv,6
3035,Freeway Shuffle,ext,9.2
3036,La libertad,bsc,3
3037,La libertad,adv,6
3038,La libertad,ext,9.6
3039,Pierce The Sky,bsc,4
3040,Pierce The Sky,adv,6
3041,Pierce The Sky,ext,9.7
3042,HAPPY☆LUCKY☆YEAPPY,bsc,5
3043,HAPPY☆LUCKY☆YEAPPY,adv,8
3044,HAPPY☆LUCKY☆YEAPPY,ext,10.3
3045,out of focus,bsc,4
3046,out of focus,adv,7
3047,out of focus,ext,10.3
3048,nightbird lost wing,bsc,3
3049,nightbird lost wing,adv,7
3050,nightbird lost wing,ext,10.4
3051,エンドルフィン,bsc,4
3052,エンドルフィン,adv,8
3053,エンドルフィン,ext,10.3
3054,Blew My Mind,bsc,5
3055,Blew My Mind,adv,8
3056,Blew My Mind,ext,10.4
3057,Insanity: Luna,bsc,4
3058,Insanity: Luna,adv,8
3059,Insanity: Luna,ext,10.5
3060,Insanity: Sol,bsc,5
3061,Insanity: Sol,adv,8
3062,Insanity: Sol,ext,10.4
3063,Insanity,bsc,6
3064,Insanity,adv,8
3065,Insanity,ext,10.7
3066,I-W-U (I Want U),bsc,3
3067,I-W-U (I Want U),adv,6
3068,I-W-U (I Want U),ext,9.6
3069,title,bsc,bsc_level
3070,title,adv,adv_level
3071,title,ext,ext_level
3072,ギザバ怪文書,bsc,3
3073,ギザバ怪文書,adv,8
3074,ギザバ怪文書,ext,9.8
3075,少女レイ,bsc,1
3076,少女レイ,adv,4
3077,少女レイ,ext,7
3078,ちゅ、多様性。,bsc,2
3079,ちゅ、多様性。,adv,6
3080,ちゅ、多様性。,ext,9.0
3081,トウキョウ・シャンディ・ランデヴ,bsc,3
3082,トウキョウ・シャンディ・ランデヴ,adv,5
3083,トウキョウ・シャンディ・ランデヴ,ext,9.3
3084,ネハン,bsc,4
3085,ネハン,adv,6
3086,ネハン,ext,9.4
3087,PON☆PON☆PARADE,bsc,2
3088,PON☆PON☆PARADE,adv,5
3089,PON☆PON☆PARADE,ext,9.3
3090,魔法少女とチョコレゐト,bsc,3
3091,魔法少女とチョコレゐト,adv,6
3092,魔法少女とチョコレゐト,ext,9.2
3093,やっぱり雨は降るんだね,bsc,2
3094,やっぱり雨は降るんだね,adv,5
3095,やっぱり雨は降るんだね,ext,9.0
3096,beyond the Ave.,bsc,3
3097,beyond the Ave.,adv,6
3098,beyond the Ave.,ext,9.5
3099,幻想リフレクト,bsc,3
3100,幻想リフレクト,adv,5
3101,幻想リフレクト,ext,8
3102,IGNITE THE IRON HEART,bsc,3
3103,IGNITE THE IRON HEART,adv,6
3104,IGNITE THE IRON HEART,ext,9.3
3105,カラフルミニッツ[2],bsc,3
3106,カラフルミニッツ[2],adv,6
3107,カラフルミニッツ[2],ext,8
3108,New Decade[2],bsc,4
3109,New Decade[2],adv,8
3110,New Decade[2],ext,10.4
3111,アヤノトリ,bsc,3
3112,アヤノトリ,adv,7
3113,アヤノトリ,ext,10.0
3114,Krack Your Soul,bsc,3
3115,Krack Your Soul,adv,7
3116,Krack Your Soul,ext,9.7
3117,Fate,bsc,4
3118,Fate,adv,8
3119,Fate,ext,10.4
3120,Croissant,bsc,4
3121,Croissant,adv,8
3122,Croissant,ext,10.4
3123,Prowler,bsc,6
3124,Prowler,adv,9.6
3125,Prowler,ext,10.5
3126,pray nightly,bsc,5
3127,pray nightly,adv,9.7
3128,pray nightly,ext,10.7
3129,Thanatøs,bsc,8
3130,Thanatøs,adv,10.4
3131,Thanatøs,ext,10.9
3132,Stylus,bsc,5
3133,Stylus,adv,9.0
3134,Stylus,ext,10.0
3135,QQ,bsc,5
3136,QQ,adv,9.9
3137,QQ,ext,10.7
3138,Ice Candy Coaster,bsc,5
3139,Ice Candy Coaster,adv,8
3140,Ice Candy Coaster,ext,10.3
3141,チックタック＠ラビリンス,bsc,5
3142,チックタック＠ラビリンス,adv,9.3
3143,チックタック＠ラビリンス,ext,10.2
3144,新蛇姫,bsc,3
3145,新蛇姫,adv,8
3146,新蛇姫,ext,9.8
